Customer_ID,Cluster
C1000,5
C1001,2
C1002,3
C1003,1
C1004,0
C1005,1
C1006,1
C1007,1
C1008,3
C1009,3
C1010,2
C1011,3
C1012,2
C1013,5
C1014,5
C1015,2
C1016,1
C1017,5
C1018,0
C1019,5
C1020,4
C1021,4
C1022,1
C1023,5
C1024,0
C1025,0
C1026,0
C1027,2
C1028,5
C1029,5
C1030,2
C1031,1
C1032,2
C1033,0
C1034,2
C1035,4
C1036,3
C1037,5
C1038,2
C1039,2
C1040,5
C1041,1
C1042,4
C1043,3
C1044,5
C1045,2
C1046,1
C1047,2
C1048,1
C1049,0
C1050,1
C1051,4
C1052,0
C1053,4
C1054,1
C1055,2
C1056,1
C1057,1
C1058,1
C1059,5
C1060,4
C1061,4
C1062,5
C1063,1
C1064,2
C1065,0
C1066,3
C1067,3
C1068,0
C1069,5
C1070,5
C1071,5
C1072,1
C1073,0
C1074,2
C1075,3
C1076,4
C1077,1
C1078,0
C1079,1
C1080,0
C1081,0
C1082,4
C1083,5
C1084,4
C1085,3
C1086,5
C1087,3
C1088,5
C1089,1
C1090,1
C1091,5
C1092,1
C1093,5
C1094,0
C1095,2
C1096,4
C1097,1
C1098,3
C1099,3
C1100,4
C1101,1
C1102,0
C1103,1
C1104,1
C1105,1
C1106,2
C1107,1
C1108,2
C1109,1
C1110,1
C1111,3
C1112,3
C1113,0
C1114,4
C1115,4
C1116,3
C1117,5
C1118,4
C1119,4
C1120,5
C1121,2
C1122,3
C1123,2
C1124,1
C1125,5
C1126,4
C1127,0
C1128,2
C1129,1
C1130,1
C1131,3
C1132,4
C1133,1
C1134,5
C1135,1
C1136,2
C1137,5
C1138,5
C1139,1
C1140,4
C1141,4
C1142,5
C1143,4
C1144,3
C1145,3
C1146,4
C1147,2
C1148,4
C1149,0
C1150,5
C1151,4
C1152,2
C1153,2
C1154,4
C1155,4
C1156,3
C1157,5
C1158,3
C1159,2
C1160,0
C1161,1
C1162,0
C1163,1
C1164,3
C1165,1
C1166,2
C1167,2
C1168,3
C1169,0
C1170,4
C1171,4
C1172,1
C1173,1
C1174,5
C1175,0
C1176,2
C1177,2
C1178,1
C1179,2
C1180,2
C1181,3
C1182,1
C1183,0
C1184,0
C1185,4
C1186,3
C1187,2
C1188,5
C1189,5
C1190,0
C1191,4
C1192,2
C1193,4
C1194,0
C1195,4
C1196,2
C1197,4
C1198,1
C1199,3
C1200,5
C1201,2
C1202,3
C1203,3
C1204,1
C1205,2
C1206,5
C1207,0
C1208,2
C1209,3
C1210,2
C1211,5
C1212,2
C1213,4
C1214,4
C1215,2
C1216,1
C1217,5
C1218,0
C1219,1
C1220,5
C1221,3
C1222,4
C1223,3
C1224,2
C1225,5
C1226,0
C1227,4
C1228,4
C1229,3
C1230,3
C1231,3
C1232,2
C1233,2
C1234,2
C1235,2
C1236,2
C1237,0
C1238,3
C1239,0
C1240,0
C1241,5
C1242,1
C1243,2
C1244,4
C1245,5
C1246,4
C1247,4
C1248,4
C1249,2
C1250,3
C1251,4
C1252,3
C1253,0
C1254,2
C1255,2
C1256,1
C1257,3
C1258,5
C1259,4
C1260,5
C1261,2
C1262,5
C1263,1
C1264,3
C1265,0
C1266,1
C1267,3
C1268,3
C1269,2
C1270,5
C1271,0
C1272,3
C1273,4
C1274,4
C1275,2
C1276,0
C1277,3
C1278,4
C1279,1
C1280,2
C1281,2
C1282,3
C1283,2
C1284,2
C1285,5
C1286,3
C1287,1
C1288,1
C1289,4
C1290,3
C1291,2
C1292,0
C1293,2
C1294,3
C1295,1
C1296,4
C1297,4
C1298,4
C1299,0
C1300,4
C1301,3
C1302,4
C1303,4
C1304,3
C1305,2
C1306,4
C1307,0
C1308,1
C1309,5
C1310,0
C1311,3
C1312,1
C1313,3
C1314,4
C1315,4
C1316,2
C1317,3
C1318,1
C1319,4
C1320,2
C1321,5
C1322,0
C1323,4
C1324,1
C1325,5
C1326,1
C1327,2
C1328,4
C1329,0
C1330,3
C1331,4
C1332,5
C1333,1
C1334,1
C1335,3
C1336,5
C1337,1
C1338,1
C1339,3
C1340,3
C1341,3
C1342,4
C1343,5
C1344,2
C1345,5
C1346,1
C1347,1
C1348,2
C1349,1
C1350,4
C1351,1
C1352,2
C1353,2
C1354,0
C1355,4
C1356,3
C1357,4
C1358,0
C1359,1
C1360,5
C1361,3
C1362,0
C1363,2
C1364,4
C1365,3
C1366,3
C1367,3
C1368,3
C1369,3
C1370,0
C1371,2
C1372,3
C1373,4
C1374,2
C1375,5
C1376,4
C1377,1
C1378,0
C1379,1
C1380,4
C1381,1
C1382,0
C1383,4
C1384,1
C1385,5
C1386,3
C1387,5
C1388,2
C1389,2
C1390,4
C1391,3
C1392,3
C1393,5
C1394,4
C1395,4
C1396,3
C1397,0
C1398,0
C1399,5
C1400,2
C1401,5
C1402,0
C1403,0
C1404,2
C1405,1
C1406,4
C1407,3
C1408,3
C1409,0
C1410,0
C1411,5
C1412,0
C1413,0
C1414,5
C1415,5
C1416,5
C1417,0
C1418,5
C1419,1
C1420,5
C1421,3
C1422,0
C1423,3
C1424,3
C1425,1
C1426,5
C1427,4
C1428,4
C1429,2
C1430,0
C1431,3
C1432,0
C1433,1
C1434,3
C1435,4
C1436,2
C1437,4
C1438,3
C1439,3
C1440,0
C1441,3
C1442,0
C1443,0
C1444,1
C1445,4
C1446,4
C1447,3
C1448,1
C1449,3
C1450,3
C1451,1
C1452,4
C1453,0
C1454,2
C1455,5
C1456,4
C1457,0
C1458,2
C1459,0
C1460,1
C1461,2
C1462,1
C1463,2
C1464,0
C1465,4
C1466,0
C1467,2
C1468,3
C1469,5
C1470,2
C1471,4
C1472,1
C1473,5
C1474,3
C1475,4
C1476,4
C1477,1
C1478,4
C1479,1
C1480,5
C1481,0
C1482,2
C1483,3
C1484,4
C1485,3
C1486,0
C1487,0
C1488,1
C1489,5
C1490,2
C1491,5
C1492,0
C1493,5
C1494,4
C1495,3
C1496,5
C1497,5
C1498,4
C1499,3
C1500,2
C1501,1
C1502,1
C1503,1
C1504,1
C1505,3
C1506,4
C1507,0
C1508,4
C1509,4
C1510,1
C1511,1
C1512,1
C1513,0
C1514,2
C1515,0
C1516,5
C1517,1
C1518,4
C1519,0
C1520,1
C1521,2
C1522,1
C1523,5
C1524,3
C1525,2
C1526,1
C1527,2
C1528,4
C1529,4
C1530,2
C1531,1
C1532,4
C1533,3
C1534,1
C1535,4
C1536,1
C1537,0
C1538,3
C1539,3
C1540,5
C1541,0
C1542,0
C1543,4
C1544,1
C1545,1
C1546,0
C1547,5
C1548,2
C1549,3
C1550,0
C1551,1
C1552,3
C1553,2
C1554,5
C1555,0
C1556,4
C1557,5
C1558,1
C1559,1
C1560,2
C1561,1
C1562,1
C1563,0
C1564,0
C1565,0
C1566,1
C1567,3
C1568,2
C1569,2
C1570,2
C1571,0
C1572,1
C1573,2
C1574,5
C1575,4
C1576,0
C1577,5
C1578,3
C1579,1
C1580,0
C1581,4
C1582,4
C1583,4
C1584,3
C1585,0
C1586,4
C1587,1
C1588,4
C1589,1
C1590,2
C1591,2
C1592,5
C1593,0
C1594,4
C1595,4
C1596,3
C1597,1
C1598,4
C1599,3
C1600,5
C1601,1
C1602,2
C1603,1
C1604,1
C1605,0
C1606,1
C1607,1
C1608,2
C1609,2
C1610,1
C1611,4
C1612,4
C1613,3
C1614,4
C1615,2
C1616,0
C1617,3
C1618,5
C1619,5
C1620,4
C1621,0
C1622,5
C1623,1
C1624,3
C1625,4
C1626,5
C1627,0
C1628,5
C1629,2
C1630,1
C1631,3
C1632,1
C1633,4
C1634,1
C1635,1
C1636,5
C1637,5
C1638,5
C1639,0
C1640,0
C1641,2
C1642,0
C1643,2
C1644,0
C1645,4
C1646,5
C1647,5
C1648,0
C1649,5
C1650,5
C1651,1
C1652,2
C1653,0
C1654,2
C1655,3
C1656,4
C1657,5
C1658,0
C1659,5
C1660,2
C1661,1
C1662,3
C1663,4
C1664,3
C1665,4
C1666,0
C1667,4
C1668,1
C1669,2
C1670,0
C1671,1
C1672,5
C1673,2
C1674,4
C1675,4
C1676,3
C1677,1
C1678,1
C1679,2
C1680,1
C1681,2
C1682,4
C1683,5
C1684,2
C1685,1
C1686,0
C1687,1
C1688,1
C1689,2
C1690,2
C1691,0
C1692,3
C1693,5
C1694,3
C1695,2
C1696,3
C1697,4
C1698,5
C1699,2
C1700,1
C1701,0
C1702,0
C1703,1
C1704,0
C1705,0
C1706,1
C1707,3
C1708,5
C1709,1
C1710,4
C1711,4
C1712,5
C1713,3
C1714,1
C1715,5
C1716,2
C1717,2
C1718,2
C1719,0
C1720,5
C1721,5
C1722,2
C1723,5
C1724,5
C1725,0
C1726,5
C1727,3
C1728,2
C1729,0
C1730,4
C1731,5
C1732,1
C1733,5
C1734,2
C1735,3
C1736,2
C1737,1
C1738,0
C1739,1
C1740,3
C1741,4
C1742,2
C1743,2
C1744,3
C1745,4
C1746,4
C1747,0
C1748,2
C1749,1
C1750,5
C1751,3
C1752,1
C1753,2
C1754,2
C1755,0
C1756,4
C1757,4
C1758,4
C1759,0
C1760,5
C1761,3
C1762,1
C1763,5
C1764,0
C1765,2
C1766,1
C1767,1
C1768,4
C1769,3
C1770,5
C1771,5
C1772,3
C1773,1
C1774,2
C1775,5
C1776,0
C1777,2
C1778,1
C1779,5
C1780,1
C1781,2
C1782,1
C1783,3
C1784,4
C1785,1
C1786,1
C1787,1
C1788,3
C1789,5
C1790,0
C1791,3
C1792,2
C1793,2
C1794,3
C1795,0
C1796,3
C1797,5
C1798,1
C1799,3
C1800,0
C1801,0
C1802,1
C1803,0
C1804,2
C1805,4
C1806,2
C1807,1
C1808,1
C1809,4
C1810,4
C1811,0
C1812,5
C1813,1
C1814,4
C1815,2
C1816,2
C1817,2
C1818,2
C1819,2
C1820,3
C1821,5
C1822,1
C1823,3
C1824,4
C1825,2
C1826,4
C1827,2
C1828,1
C1829,1
C1830,0
C1831,5
C1832,1
C1833,3
C1834,2
C1835,5
C1836,0
C1837,4
C1838,4
C1839,2
C1840,2
C1841,3
C1842,5
C1843,2
C1844,0
C1845,0
C1846,3
C1847,3
C1848,5
C1849,1
C1850,5
C1851,3
C1852,2
C1853,3
C1854,2
C1855,3
C1856,1
C1857,0
C1858,0
C1859,0
C1860,0
C1861,4
C1862,5
C1863,0
C1864,2
C1865,5
C1866,3
C1867,0
C1868,4
C1869,0
C1870,1
C1871,4
C1872,4
C1873,4
C1874,1
C1875,3
C1876,4
C1877,4
C1878,3
C1879,4
C1880,2
C1881,1
C1882,2
C1883,0
C1884,0
C1885,4
C1886,4
C1887,1
C1888,1
C1889,5
C1890,0
C1891,5
C1892,4
C1893,3
C1894,1
C1895,5
C1896,4
C1897,3
C1898,5
C1899,1
C1900,3
C1901,3
C1902,4
C1903,2
C1904,3
C1905,2
C1906,1
C1907,4
C1908,2
C1909,5
C1910,4
C1911,5
C1912,1
C1913,3
C1914,5
C1915,0
C1916,0
C1917,4
C1918,4
C1919,2
C1920,5
C1921,4
C1922,2
C1923,3
C1924,4
C1925,2
C1926,2
C1927,0
C1928,1
C1929,4
C1930,1
C1931,4
C1932,2
C1933,1
C1934,5
C1935,5
C1936,1
C1937,0
C1938,4
C1939,1
C1940,0
C1941,5
C1942,3
C1943,3
C1944,1
C1945,0
C1946,4
C1947,4
C1948,3
C1949,5
C1950,2
C1951,3
C1952,2
C1953,2
C1954,3
C1955,1
C1956,0
C1957,5
C1958,1
C1959,1
C1960,2
C1961,0
C1962,1
C1963,5
C1964,0
C1965,4
C1966,4
C1967,1
C1968,5
C1969,0
C1970,2
C1971,4
C1972,5
C1973,3
C1974,4
C1975,4
C1976,0
C1977,3
C1978,0
C1979,0
C1980,4
C1981,3
C1982,2
C1983,3
C1984,3
C1985,5
C1986,4
C1987,5
C1988,0
C1989,1
C1990,2
C1991,5
C1992,5
C1993,1
C1994,5
C1995,4
C1996,1
C1997,0
C1998,1
C1999,3
C2000,4
C2001,1
C2002,0
C2003,4
C2004,1
C2005,3
C2006,1
C2007,0
C2008,3
C2009,2
C2010,0
C2011,2
C2012,1
C2013,2
C2014,1
C2015,2
C2016,5
C2017,4
C2018,2
C2019,0
C2020,4
C2021,5
C2022,4
C2023,5
C2024,5
C2025,0
C2026,0
C2027,1
C2028,3
C2029,1
C2030,1
C2031,4
C2032,1
C2033,1
C2034,0
C2035,1
C2036,0
C2037,4
C2038,5
C2039,2
C2040,4
C2041,2
C2042,4
C2043,4
C2044,4
C2045,1
C2046,4
C2047,2
C2048,5
C2049,2
C2050,3
C2051,0
C2052,1
C2053,2
C2054,4
C2055,4
C2056,1
C2057,5
C2058,0
C2059,2
C2060,0
C2061,5
C2062,3
C2063,1
C2064,1
C2065,0
C2066,0
C2067,3
C2068,5
C2069,0
C2070,2
C2071,3
C2072,0
C2073,3
C2074,1
C2075,5
C2076,3
C2077,0
C2078,0
C2079,3
C2080,1
C2081,3
C2082,1
C2083,5
C2084,2
C2085,4
C2086,4
C2087,3
C2088,4
C2089,4
C2090,3
C2091,1
C2092,2
C2093,3
C2094,3
C2095,0
C2096,1
C2097,0
C2098,0
C2099,0
C2100,1
C2101,3
C2102,2
C2103,3
C2104,0
C2105,4
C2106,1
C2107,2
C2108,1
C2109,0
C2110,4
C2111,0
C2112,2
C2113,1
C2114,1
C2115,2
C2116,1
C2117,5
C2118,1
C2119,2
C2120,0
C2121,0
C2122,0
C2123,4
C2124,2
C2125,2
C2126,5
C2127,1
C2128,1
C2129,0
C2130,2
C2131,3
C2132,3
C2133,1
C2134,5
C2135,3
C2136,1
C2137,1
C2138,5
C2139,3
C2140,3
C2141,0
C2142,0
C2143,4
C2144,1
C2145,1
C2146,4
C2147,0
C2148,2
C2149,5
C2150,3
C2151,4
C2152,0
C2153,3
C2154,0
C2155,4
C2156,1
C2157,0
C2158,4
C2159,2
C2160,2
C2161,0
C2162,4
C2163,5
C2164,2
C2165,2
C2166,2
C2167,2
C2168,0
C2169,1
C2170,5
C2171,3
C2172,3
C2173,5
C2174,5
C2175,4
C2176,0
C2177,4
C2178,2
C2179,3
C2180,3
C2181,1
C2182,2
C2183,3
C2184,3
C2185,4
C2186,2
C2187,2
C2188,3
C2189,4
C2190,1
C2191,1
C2192,0
C2193,5
C2194,4
C2195,4
C2196,4
C2197,4
C2198,3
C2199,0
C2200,5
C2201,1
C2202,3
C2203,4
C2204,1
C2205,0
C2206,0
C2207,5
C2208,5
C2209,5
C2210,4
C2211,0
C2212,2
C2213,1
C2214,5
C2215,1
C2216,0
C2217,4
C2218,3
C2219,2
C2220,0
C2221,5
C2222,2
C2223,5
C2224,4
C2225,0
C2226,0
C2227,3
C2228,5
C2229,5
C2230,4
C2231,1
C2232,4
C2233,5
C2234,5
C2235,3
C2236,1
C2237,5
C2238,5
C2239,3
C2240,0
C2241,5
C2242,1
C2243,0
C2244,3
C2245,3
C2246,2
C2247,1
C2248,4
C2249,0
C2250,4
C2251,4
C2252,2
C2253,0
C2254,1
C2255,5
C2256,2
C2257,1
C2258,2
C2259,4
C2260,3
C2261,2
C2262,0
C2263,2
C2264,4
C2265,1
C2266,4
C2267,0
C2268,4
C2269,4
C2270,5
C2271,4
C2272,5
C2273,3
C2274,4
C2275,1
C2276,3
C2277,1
C2278,1
C2279,2
C2280,1
C2281,4
C2282,1
C2283,5
C2284,3
C2285,2
C2286,3
C2287,4
C2288,5
C2289,4
C2290,4
C2291,2
C2292,4
C2293,2
C2294,0
C2295,3
C2296,3
C2297,1
C2298,4
C2299,5
C2300,0
C2301,0
C2302,2
C2303,3
C2304,3
C2305,4
C2306,3
C2307,0
C2308,5
C2309,5
C2310,0
C2311,0
C2312,0
C2313,3
C2314,0
C2315,5
C2316,4
C2317,1
C2318,0
C2319,2
C2320,4
C2321,4
C2322,5
C2323,1
C2324,1
C2325,1
C2326,2
C2327,2
C2328,4
C2329,4
C2330,1
C2331,1
C2332,4
C2333,2
C2334,5
C2335,0
C2336,0
C2337,2
C2338,5
C2339,5
C2340,2
C2341,3
C2342,4
C2343,4
C2344,2
C2345,4
C2346,0
C2347,0
C2348,1
C2349,5
C2350,1
C2351,2
C2352,5
C2353,0
C2354,2
C2355,1
C2356,5
C2357,5
C2358,5
C2359,5
C2360,4
C2361,2
C2362,1
C2363,0
C2364,2
C2365,5
C2366,4
C2367,5
C2368,3
C2369,0
C2370,4
C2371,4
C2372,4
C2373,0
C2374,5
C2375,5
C2376,4
C2377,3
C2378,0
C2379,0
C2380,5
C2381,4
C2382,4
C2383,1
C2384,1
C2385,5
C2386,2
C2387,1
C2388,4
C2389,4
C2390,2
C2391,0
C2392,2
C2393,0
C2394,0
C2395,2
C2396,3
C2397,4
C2398,1
C2399,3
C2400,5
C2401,5
C2402,0
C2403,1
C2404,5
C2405,4
C2406,1
C2407,1
C2408,1
C2409,4
C2410,1
C2411,2
C2412,5
C2413,0
C2414,1
C2415,1
C2416,5
C2417,3
C2418,2
C2419,2
C2420,2
C2421,4
C2422,2
C2423,0
C2424,5
C2425,4
C2426,3
C2427,1
C2428,0
C2429,5
C2430,5
C2431,4
C2432,5
C2433,3
C2434,5
C2435,4
C2436,1
C2437,1
C2438,3
C2439,5
C2440,4
C2441,3
C2442,5
C2443,3
C2444,5
C2445,3
C2446,2
C2447,2
C2448,3
C2449,3
C2450,5
C2451,1
C2452,1
C2453,1
C2454,3
C2455,3
C2456,2
C2457,4
C2458,2
C2459,5
C2460,2
C2461,0
C2462,4
C2463,5
C2464,3
C2465,4
C2466,5
C2467,2
C2468,1
C2469,5
C2470,4
C2471,4
C2472,1
C2473,3
C2474,3
C2475,1
C2476,2
C2477,2
C2478,5
C2479,4
C2480,4
C2481,5
C2482,4
C2483,5
C2484,0
C2485,5
C2486,2
C2487,1
C2488,3
C2489,4
C2490,4
C2491,3
C2492,5
C2493,5
C2494,4
C2495,5
C2496,5
C2497,3
C2498,3
C2499,5
C2500,2
C2501,3
C2502,1
C2503,4
C2504,2
C2505,3
C2506,2
C2507,3
C2508,1
C2509,0
C2510,1
C2511,0
C2512,2
C2513,0
C2514,5
C2515,3
C2516,1
C2517,3
C2518,5
C2519,4
C2520,1
C2521,2
C2522,4
C2523,0
C2524,2
C2525,1
C2526,4
C2527,4
C2528,1
C2529,4
C2530,4
C2531,3
C2532,1
C2533,0
C2534,5
C2535,4
C2536,5
C2537,2
C2538,5
C2539,3
C2540,5
C2541,2
C2542,3
C2543,0
C2544,0
C2545,4
C2546,2
C2547,2
C2548,0
C2549,5
C2550,5
C2551,4
C2552,3
C2553,2
C2554,4
C2555,0
C2556,2
C2557,3
C2558,5
C2559,0
C2560,0
C2561,2
C2562,4
C2563,1
C2564,5
C2565,3
C2566,0
C2567,0
C2568,2
C2569,4
C2570,5
C2571,2
C2572,5
C2573,5
C2574,2
C2575,4
C2576,3
C2577,2
C2578,0
C2579,3
C2580,5
C2581,5
C2582,5
C2583,4
C2584,5
C2585,2
C2586,5
C2587,5
C2588,1
C2589,1
C2590,4
C2591,5
C2592,2
C2593,3
C2594,0
C2595,0
C2596,3
C2597,5
C2598,1
C2599,4
C2600,1
C2601,4
C2602,1
C2603,5
C2604,5
C2605,2
C2606,5
C2607,4
C2608,1
C2609,4
C2610,0
C2611,1
C2612,4
C2613,4
C2614,5
C2615,4
C2616,4
C2617,2
C2618,1
C2619,2
C2620,3
C2621,5
C2622,3
C2623,2
C2624,5
C2625,4
C2626,1
C2627,3
C2628,5
C2629,5
C2630,4
C2631,5
C2632,4
C2633,5
C2634,4
C2635,5
C2636,3
C2637,2
C2638,3
C2639,3
C2640,1
C2641,4
C2642,1
C2643,3
C2644,5
C2645,1
C2646,4
C2647,0
C2648,0
C2649,1
C2650,1
C2651,0
C2652,5
C2653,5
C2654,2
C2655,2
C2656,2
C2657,4
C2658,2
C2659,4
C2660,2
C2661,5
C2662,1
C2663,4
C2664,1
C2665,1
C2666,1
C2667,1
C2668,3
C2669,4
C2670,0
C2671,5
C2672,5
C2673,4
C2674,3
C2675,4
C2676,5
C2677,5
C2678,4
C2679,0
C2680,4
C2681,0
C2682,0
C2683,2
C2684,3
C2685,4
C2686,0
C2687,4
C2688,0
C2689,1
C2690,5
C2691,2
C2692,5
C2693,2
C2694,5
C2695,3
C2696,4
C2697,0
C2698,4
C2699,1
C2700,4
C2701,0
C2702,0
C2703,1
C2704,3
C2705,4
C2706,0
C2707,3
C2708,5
C2709,0
C2710,0
C2711,5
C2712,4
C2713,5
C2714,2
C2715,0
C2716,3
C2717,4
C2718,1
C2719,5
C2720,3
C2721,0
C2722,0
C2723,2
C2724,2
C2725,1
C2726,5
C2727,2
C2728,3
C2729,2
C2730,3
C2731,5
C2732,3
C2733,5
C2734,3
C2735,5
C2736,4
C2737,5
C2738,4
C2739,4
C2740,5
C2741,5
C2742,1
C2743,5
C2744,2
C2745,1
C2746,4
C2747,5
C2748,4
C2749,1
C2750,2
C2751,2
C2752,4
C2753,5
C2754,1
C2755,0
C2756,5
C2757,2
C2758,2
C2759,5
C2760,2
C2761,1
C2762,0
C2763,1
C2764,2
C2765,5
C2766,2
C2767,4
C2768,1
C2769,4
C2770,3
C2771,1
C2772,2
C2773,0
C2774,2
C2775,0
C2776,5
C2777,4
C2778,5
C2779,2
C2780,0
C2781,5
C2782,5
C2783,5
C2784,1
C2785,2
C2786,2
C2787,3
C2788,1
C2789,3
C2790,3
C2791,3
C2792,2
C2793,3
C2794,3
C2795,1
C2796,5
C2797,3
C2798,1
C2799,5
C2800,3
C2801,3
C2802,2
C2803,2
C2804,5
C2805,1
C2806,5
C2807,3
C2808,1
C2809,5
C2810,5
C2811,5
C2812,0
C2813,1
C2814,0
C2815,1
C2816,0
C2817,2
C2818,4
C2819,2
C2820,5
C2821,3
C2822,0
C2823,2
C2824,5
C2825,4
C2826,1
C2827,4
C2828,1
C2829,0
C2830,1
C2831,1
C2832,0
C2833,3
C2834,2
C2835,1
C2836,4
C2837,4
C2838,0
C2839,4
C2840,4
C2841,1
C2842,1
C2843,4
C2844,1
C2845,3
C2846,0
C2847,3
C2848,5
C2849,3
C2850,0
C2851,5
C2852,0
C2853,4
C2854,1
C2855,0
C2856,5
C2857,3
C2858,5
C2859,4
C2860,1
C2861,1
C2862,5
C2863,0
C2864,5
C2865,0
C2866,5
C2867,4
C2868,0
C2869,5
C2870,2
C2871,2
C2872,1
C2873,0
C2874,1
C2875,4
C2876,0
C2877,2
C2878,1
C2879,0
C2880,5
C2881,0
C2882,5
C2883,1
C2884,4
C2885,1
C2886,5
C2887,3
C2888,2
C2889,2
C2890,3
C2891,1
C2892,3
C2893,1
C2894,2
C2895,1
C2896,3
C2897,1
C2898,3
C2899,3
C2900,3
C2901,2
C2902,1
C2903,0
C2904,5
C2905,0
C2906,1
C2907,0
C2908,1
C2909,3
C2910,0
C2911,5
C2912,0
C2913,2
C2914,0
C2915,5
C2916,0
C2917,5
C2918,0
C2919,1
C2920,4
C2921,3
C2922,2
C2923,5
C2924,2
C2925,1
C2926,1
C2927,3
C2928,3
C2929,5
C2930,5
C2931,4
C2932,0
C2933,0
C2934,5
C2935,5
C2936,5
C2937,1
C2938,1
C2939,3
C2940,0
C2941,5
C2942,4
C2943,0
C2944,2
C2945,0
C2946,2
C2947,3
C2948,0
C2949,5
C2950,4
C2951,3
C2952,2
C2953,4
C2954,1
C2955,0
C2956,2
C2957,0
C2958,1
C2959,0
C2960,3
C2961,3
C2962,4
C2963,3
C2964,2
C2965,3
C2966,2
C2967,4
C2968,5
C2969,4
C2970,4
C2971,3
C2972,2
C2973,0
C2974,5
C2975,1
C2976,4
C2977,3
C2978,4
C2979,5
C2980,2
C2981,0
C2982,5
C2983,1
C2984,5
C2985,0
C2986,1
C2987,0
C2988,5
C2989,4
C2990,5
C2991,4
C2992,2
C2993,0
C2994,1
C2995,2
C2996,4
C2997,5
C2998,5
C2999,5
C3000,2
C3001,2
C3002,0
C3003,1
C3004,5
C3005,4
C3006,3
C3007,1
C3008,3
C3009,2
C3010,4
C3011,0
C3012,5
C3013,1
C3014,4
C3015,2
C3016,1
C3017,5
C3018,3
C3019,2
C3020,4
C3021,1
C3022,0
C3023,1
C3024,0
C3025,5
C3026,1
C3027,2
C3028,3
C3029,5
C3030,3
C3031,1
C3032,3
C3033,2
C3034,1
C3035,4
C3036,3
C3037,1
C3038,5
C3039,1
C3040,1
C3041,3
C3042,1
C3043,0
C3044,5
C3045,5
C3046,3
C3047,0
C3048,0
C3049,1
C3050,5
C3051,1
C3052,0
C3053,1
C3054,0
C3055,4
C3056,1
C3057,3
C3058,0
C3059,0
C3060,3
C3061,3
C3062,1
C3063,2
C3064,4
C3065,4
C3066,1
C3067,3
C3068,2
C3069,2
C3070,5
C3071,4
C3072,5
C3073,1
C3074,4
C3075,3
C3076,2
C3077,2
C3078,5
C3079,2
C3080,0
C3081,1
C3082,5
C3083,1
C3084,1
C3085,2
C3086,1
C3087,3
C3088,1
C3089,1
C3090,1
C3091,0
C3092,4
C3093,4
C3094,5
C3095,0
C3096,5
C3097,4
C3098,2
C3099,5
C3100,2
C3101,2
C3102,1
C3103,0
C3104,5
C3105,1
C3106,5
C3107,5
C3108,1
C3109,5
C3110,3
C3111,4
C3112,0
C3113,0
C3114,4
C3115,3
C3116,3
C3117,0
C3118,4
C3119,5
C3120,3
C3121,1
C3122,5
C3123,3
C3124,5
C3125,3
C3126,5
C3127,4
C3128,4
C3129,3
C3130,1
C3131,5
C3132,0
C3133,3
C3134,4
C3135,0
C3136,3
C3137,2
C3138,4
C3139,0
C3140,0
C3141,4
C3142,1
C3143,2
C3144,1
C3145,3
C3146,4
C3147,5
C3148,0
C3149,5
C3150,3
C3151,0
C3152,1
C3153,0
C3154,2
C3155,1
C3156,0
C3157,3
C3158,4
C3159,4
C3160,1
C3161,5
C3162,0
C3163,4
C3164,2
C3165,1
C3166,1
C3167,1
C3168,0
C3169,4
C3170,2
C3171,2
C3172,5
C3173,4
C3174,0
C3175,0
C3176,4
C3177,0
C3178,0
C3179,5
C3180,1
C3181,3
C3182,1
C3183,2
C3184,2
C3185,2
C3186,3
C3187,1
C3188,2
C3189,1
C3190,2
C3191,5
C3192,1
C3193,3
C3194,0
C3195,0
C3196,5
C3197,5
C3198,0
C3199,3
C3200,2
C3201,2
C3202,5
C3203,0
C3204,3
C3205,4
C3206,2
C3207,0
C3208,3
C3209,3
C3210,1
C3211,3
C3212,5
C3213,0
C3214,1
C3215,2
C3216,0
C3217,0
C3218,2
C3219,3
C3220,4
C3221,0
C3222,4
C3223,5
C3224,1
C3225,3
C3226,1
C3227,3
C3228,3
C3229,5
C3230,2
C3231,4
C3232,2
C3233,2
C3234,5
C3235,2
C3236,3
C3237,0
C3238,5
C3239,0
C3240,0
C3241,3
C3242,5
C3243,0
C3244,2
C3245,5
C3246,4
C3247,5
C3248,1
C3249,2
C3250,1
C3251,3
C3252,3
C3253,1
C3254,1
C3255,0
C3256,0
C3257,1
C3258,4
C3259,3
C3260,3
C3261,2
C3262,4
C3263,3
C3264,2
C3265,4
C3266,4
C3267,4
C3268,2
C3269,3
C3270,2
C3271,0
C3272,0
C3273,1
C3274,1
C3275,5
C3276,0
C3277,5
C3278,0
C3279,4
C3280,4
C3281,5
C3282,4
C3283,1
C3284,5
C3285,5
C3286,3
C3287,5
C3288,3
C3289,3
C3290,3
C3291,3
C3292,5
C3293,4
C3294,5
C3295,4
C3296,0
C3297,2
C3298,1
C3299,3
C3300,4
C3301,3
C3302,3
C3303,4
C3304,2
C3305,5
C3306,2
C3307,1
C3308,5
C3309,1
C3310,5
C3311,1
C3312,3
C3313,2
C3314,5
C3315,1
C3316,3
C3317,2
C3318,3
C3319,1
C3320,1
C3321,0
C3322,1
C3323,0
C3324,0
C3325,2
C3326,2
C3327,3
C3328,0
C3329,2
C3330,2
C3331,5
C3332,1
C3333,1
C3334,1
C3335,4
C3336,1
C3337,3
C3338,5
C3339,3
C3340,2
C3341,2
C3342,2
C3343,3
C3344,5
C3345,0
C3346,4
C3347,0
C3348,5
C3349,1
C3350,4
C3351,1
C3352,1
C3353,5
C3354,1
C3355,3
C3356,1
C3357,0
C3358,1
C3359,1
C3360,5
C3361,4
C3362,4
C3363,4
C3364,5
C3365,4
C3366,1
C3367,4
C3368,5
C3369,0
C3370,3
C3371,0
C3372,0
C3373,0
C3374,0
C3375,1
C3376,5
C3377,4
C3378,2
C3379,4
C3380,4
C3381,5
C3382,4
C3383,5
C3384,2
C3385,0
C3386,2
C3387,5
C3388,1
C3389,4
C3390,5
C3391,2
C3392,1
C3393,4
C3394,4
C3395,4
C3396,3
C3397,5
C3398,4
C3399,1
C3400,0
C3401,3
C3402,2
C3403,5
C3404,1
C3405,0
C3406,1
C3407,2
C3408,3
C3409,2
C3410,3
C3411,2
C3412,5
C3413,0
C3414,0
C3415,2
C3416,3
C3417,5
C3418,0
C3419,0
C3420,2
C3421,4
C3422,4
C3423,3
C3424,0
C3425,3
C3426,3
C3427,4
C3428,2
C3429,4
C3430,0
C3431,5
C3432,5
C3433,0
C3434,1
C3435,2
C3436,1
C3437,0
C3438,0
C3439,2
C3440,2
C3441,3
C3442,5
C3443,2
C3444,3
C3445,5
C3446,3
C3447,1
C3448,2
C3449,3
C3450,1
C3451,0
C3452,4
C3453,3
C3454,5
C3455,2
C3456,1
C3457,0
C3458,4
C3459,4
C3460,0
C3461,5
C3462,5
C3463,2
C3464,2
C3465,1
C3466,1
C3467,5
C3468,0
C3469,0
C3470,0
C3471,1
C3472,3
C3473,5
C3474,5
C3475,1
C3476,2
C3477,3
C3478,2
C3479,3
C3480,4
C3481,1
C3482,4
C3483,1
C3484,1
C3485,1
C3486,2
C3487,4
C3488,5
C3489,4
C3490,2
C3491,2
C3492,4
C3493,4
C3494,2
C3495,1
C3496,5
C3497,0
C3498,4
C3499,1
C3500,4
C3501,4
C3502,3
C3503,3
C3504,5
C3505,4
C3506,5
C3507,4
C3508,2
C3509,3
C3510,0
C3511,5
C3512,4
C3513,1
C3514,0
C3515,5
C3516,1
C3517,1
C3518,1
C3519,2
C3520,5
C3521,4
C3522,0
C3523,4
C3524,0
C3525,5
C3526,1
C3527,2
C3528,4
C3529,3
C3530,4
C3531,5
C3532,4
C3533,4
C3534,3
C3535,5
C3536,1
C3537,5
C3538,4
C3539,2
C3540,5
C3541,0
C3542,5
C3543,3
C3544,1
C3545,3
C3546,5
C3547,0
C3548,1
C3549,3
C3550,1
C3551,3
C3552,5
C3553,0
C3554,4
C3555,5
C3556,5
C3557,2
C3558,4
C3559,0
C3560,5
C3561,1
C3562,5
C3563,1
C3564,5
C3565,1
C3566,4
C3567,1
C3568,5
C3569,1
C3570,4
C3571,1
C3572,5
C3573,3
C3574,2
C3575,1
C3576,5
C3577,5
C3578,0
C3579,3
C3580,1
C3581,1
C3582,5
C3583,3
C3584,2
C3585,0
C3586,4
C3587,1
C3588,2
C3589,3
C3590,3
C3591,5
C3592,3
C3593,5
C3594,1
C3595,0
C3596,4
C3597,0
C3598,2
C3599,4
C3600,2
C3601,3
C3602,0
C3603,3
C3604,0
C3605,2
C3606,1
C3607,5
C3608,5
C3609,0
C3610,3
C3611,1
C3612,0
C3613,1
C3614,0
C3615,4
C3616,2
C3617,3
C3618,0
C3619,5
C3620,5
C3621,5
C3622,5
C3623,4
C3624,3
C3625,0
C3626,1
C3627,2
C3628,4
C3629,0
C3630,1
C3631,2
C3632,2
C3633,2
C3634,1
C3635,3
C3636,2
C3637,1
C3638,5
C3639,2
C3640,2
C3641,2
C3642,2
C3643,4
C3644,1
C3645,5
C3646,5
C3647,0
C3648,3
C3649,2
C3650,3
C3651,4
C3652,1
C3653,2
C3654,4
C3655,0
C3656,3
C3657,3
C3658,3
C3659,4
C3660,4
C3661,2
C3662,3
C3663,2
C3664,4
C3665,5
C3666,3
C3667,4
C3668,1
C3669,1
C3670,4
C3671,1
C3672,2
C3673,0
C3674,1
C3675,1
C3676,1
C3677,5
C3678,0
C3679,4
C3680,2
C3681,3
C3682,4
C3683,0
C3684,2
C3685,3
C3686,2
C3687,5
C3688,5
C3689,2
C3690,0
C3691,4
C3692,3
C3693,5
C3694,5
C3695,1
C3696,0
C3697,3
C3698,1
C3699,5
C3700,4
C3701,5
C3702,4
C3703,3
C3704,4
C3705,5
C3706,5
C3707,1
C3708,2
C3709,3
C3710,1
C3711,3
C3712,5
C3713,3
C3714,3
C3715,1
C3716,1
C3717,4
C3718,1
C3719,3
C3720,1
C3721,0
C3722,3
C3723,3
C3724,3
C3725,5
C3726,3
C3727,2
C3728,4
C3729,2
C3730,4
C3731,4
C3732,2
C3733,3
C3734,0
C3735,1
C3736,5
C3737,3
C3738,0
C3739,2
C3740,2
C3741,5
C3742,3
C3743,0
C3744,0
C3745,2
C3746,5
C3747,3
C3748,0
C3749,3
C3750,1
C3751,1
C3752,0
C3753,3
C3754,0
C3755,5
C3756,1
C3757,4
C3758,3
C3759,0
C3760,1
C3761,1
C3762,3
C3763,0
C3764,5
C3765,5
C3766,3
C3767,4
C3768,4
C3769,1
C3770,1
C3771,2
C3772,1
C3773,1
C3774,0
C3775,2
C3776,2
C3777,5
C3778,0
C3779,2
C3780,1
C3781,1
C3782,2
C3783,4
C3784,1
C3785,4
C3786,5
C3787,5
C3788,5
C3789,5
C3790,3
C3791,2
C3792,0
C3793,3
C3794,0
C3795,1
C3796,1
C3797,1
C3798,1
C3799,5
C3800,5
C3801,4
C3802,0
C3803,0
C3804,0
C3805,4
C3806,5
C3807,4
C3808,3
C3809,1
C3810,3
C3811,3
C3812,3
C3813,5
C3814,0
C3815,3
C3816,4
C3817,3
C3818,1
C3819,2
C3820,1
C3821,5
C3822,2
C3823,5
C3824,0
C3825,5
C3826,3
C3827,5
C3828,1
C3829,0
C3830,0
C3831,3
C3832,0
C3833,2
C3834,2
C3835,3
C3836,1
C3837,3
C3838,1
C3839,2
C3840,4
C3841,0
C3842,5
C3843,3
C3844,2
C3845,0
C3846,2
C3847,4
C3848,4
C3849,5
C3850,2
C3851,5
C3852,3
C3853,3
C3854,3
C3855,0
C3856,2
C3857,3
C3858,0
C3859,3
C3860,0
C3861,1
C3862,3
C3863,1
C3864,5
C3865,3
C3866,4
C3867,1
C3868,4
C3869,2
C3870,2
C3871,5
C3872,1
C3873,4
C3874,3
C3875,5
C3876,0
C3877,0
C3878,5
C3879,1
C3880,2
C3881,4
C3882,3
C3883,1
C3884,3
C3885,1
C3886,2
C3887,5
C3888,5
C3889,4
C3890,3
C3891,3
C3892,0
C3893,4
C3894,0
C3895,5
C3896,4
C3897,0
C3898,1
C3899,1
C3900,5
C3901,1
C3902,0
C3903,2
C3904,4
C3905,1
C3906,5
C3907,2
C3908,2
C3909,1
C3910,2
C3911,1
C3912,1
C3913,2
C3914,2
C3915,3
C3916,0
C3917,3
C3918,2
C3919,0
C3920,4
C3921,4
C3922,1
C3923,3
C3924,3
C3925,5
C3926,2
C3927,1
C3928,5
C3929,0
C3930,5
C3931,3
C3932,2
C3933,4
C3934,0
C3935,5
C3936,0
C3937,2
C3938,0
C3939,4
C3940,3
C3941,4
C3942,0
C3943,4
C3944,2
C3945,5
C3946,0
C3947,1
C3948,5
C3949,4
C3950,1
C3951,5
C3952,1
C3953,0
C3954,1
C3955,3
C3956,0
C3957,0
C3958,1
C3959,1
C3960,1
C3961,4
C3962,0
C3963,1
C3964,2
C3965,0
C3966,1
C3967,4
C3968,2
C3969,1
C3970,3
C3971,5
C3972,1
C3973,0
C3974,0
C3975,3
C3976,3
C3977,1
C3978,1
C3979,0
C3980,5
C3981,1
C3982,3
C3983,0
C3984,3
C3985,5
C3986,2
C3987,4
C3988,5
C3989,5
C3990,1
C3991,5
C3992,1
C3993,3
C3994,5
C3995,1
C3996,3
C3997,3
C3998,4
C3999,2
C4000,2
C4001,4
C4002,2
C4003,1
C4004,0
C4005,4
C4006,2
C4007,4
C4008,4
C4009,1
C4010,0
C4011,1
C4012,2
C4013,0
C4014,1
C4015,2
C4016,1
C4017,3
C4018,1
C4019,2
C4020,5
C4021,0
C4022,1
C4023,2
C4024,0
C4025,4
C4026,0
C4027,4
C4028,5
C4029,0
C4030,1
C4031,4
C4032,4
C4033,5
C4034,5
C4035,4
C4036,1
C4037,2
C4038,5
C4039,2
C4040,0
C4041,5
C4042,1
C4043,5
C4044,1
C4045,5
C4046,1
C4047,5
C4048,4
C4049,3
C4050,5
C4051,0
C4052,3
C4053,1
C4054,4
C4055,1
C4056,5
C4057,5
C4058,5
C4059,2
C4060,2
C4061,5
C4062,0
C4063,2
C4064,2
C4065,0
C4066,3
C4067,1
C4068,2
C4069,2
C4070,0
C4071,4
C4072,1
C4073,4
C4074,1
C4075,3
C4076,2
C4077,2
C4078,4
C4079,0
C4080,3
C4081,1
C4082,4
C4083,4
C4084,3
C4085,1
C4086,2
C4087,5
C4088,4
C4089,5
C4090,4
C4091,5
C4092,2
C4093,1
C4094,2
C4095,1
C4096,3
C4097,5
C4098,5
C4099,1
C4100,3
C4101,4
C4102,2
C4103,4
C4104,1
C4105,3
C4106,1
C4107,1
C4108,0
C4109,2
C4110,1
C4111,4
C4112,3
C4113,3
C4114,0
C4115,1
C4116,3
C4117,2
C4118,4
C4119,2
C4120,2
C4121,1
C4122,4
C4123,2
C4124,1
C4125,3
C4126,3
C4127,2
C4128,1
C4129,0
C4130,4
C4131,5
C4132,5
C4133,2
C4134,5
C4135,5
C4136,1
C4137,3
C4138,5
C4139,5
C4140,4
C4141,1
C4142,4
C4143,4
C4144,5
C4145,0
C4146,4
C4147,2
C4148,5
C4149,1
C4150,4
C4151,1
C4152,5
C4153,2
C4154,1
C4155,2
C4156,0
C4157,2
C4158,4
C4159,1
C4160,1
C4161,3
C4162,4
C4163,4
C4164,4
C4165,0
C4166,3
C4167,5
C4168,4
C4169,1
C4170,0
C4171,4
C4172,5
C4173,4
C4174,0
C4175,1
C4176,5
C4177,5
C4178,4
C4179,5
C4180,5
C4181,5
C4182,2
C4183,1
C4184,0
C4185,4
C4186,3
C4187,5
C4188,5
C4189,0
C4190,4
C4191,1
C4192,3
C4193,3
C4194,2
C4195,0
C4196,5
C4197,3
C4198,3
C4199,5
C4200,4
C4201,4
C4202,3
C4203,3
C4204,3
C4205,0
C4206,5
C4207,2
C4208,5
C4209,0
C4210,1
C4211,2
C4212,0
C4213,1
C4214,5
C4215,5
C4216,0
C4217,2
C4218,4
C4219,0
C4220,3
C4221,1
C4222,4
C4223,1
C4224,5
C4225,1
C4226,0
C4227,1
C4228,1
C4229,5
C4230,0
C4231,4
C4232,2
C4233,5
C4234,5
C4235,5
C4236,2
C4237,2
C4238,5
C4239,4
C4240,1
C4241,3
C4242,3
C4243,4
C4244,0
C4245,1
C4246,4
C4247,2
C4248,1
C4249,5
C4250,0
C4251,0
C4252,1
C4253,1
C4254,1
C4255,2
C4256,0
C4257,4
C4258,5
C4259,0
C4260,1
C4261,4
C4262,0
C4263,4
C4264,3
C4265,0
C4266,5
C4267,2
C4268,4
C4269,0
C4270,5
C4271,2
C4272,1
C4273,3
C4274,3
C4275,5
C4276,1
C4277,1
C4278,1
C4279,5
C4280,3
C4281,0
C4282,1
C4283,3
C4284,2
C4285,3
C4286,3
C4287,5
C4288,2
C4289,4
C4290,3
C4291,5
C4292,3
C4293,3
C4294,3
C4295,4
C4296,4
C4297,5
C4298,4
C4299,1
C4300,0
C4301,1
C4302,3
C4303,5
C4304,5
C4305,5
C4306,2
C4307,0
C4308,0
C4309,5
C4310,5
C4311,2
C4312,2
C4313,0
C4314,4
C4315,4
C4316,1
C4317,2
C4318,1
C4319,3
C4320,1
C4321,3
C4322,2
C4323,0
C4324,2
C4325,3
C4326,4
C4327,1
C4328,1
C4329,1
C4330,3
C4331,0
C4332,4
C4333,1
C4334,4
C4335,3
C4336,1
C4337,1
C4338,3
C4339,3
C4340,1
C4341,1
C4342,5
C4343,3
C4344,5
C4345,5
C4346,4
C4347,0
C4348,3
C4349,1
C4350,4
C4351,4
C4352,5
C4353,1
C4354,2
C4355,0
C4356,0
C4357,0
C4358,0
C4359,5
C4360,1
C4361,1
C4362,2
C4363,4
C4364,3
C4365,0
C4366,5
C4367,3
C4368,4
C4369,1
C4370,2
C4371,5
C4372,4
C4373,5
C4374,3
C4375,4
C4376,2
C4377,0
C4378,0
C4379,0
C4380,5
C4381,5
C4382,1
C4383,0
C4384,2
C4385,2
C4386,1
C4387,4
C4388,5
C4389,1
C4390,0
C4391,0
C4392,5
C4393,4
C4394,4
C4395,2
C4396,1
C4397,1
C4398,5
C4399,0
C4400,3
C4401,0
C4402,2
C4403,0
C4404,1
C4405,2
C4406,2
C4407,5
C4408,2
C4409,3
C4410,4
C4411,2
C4412,2
C4413,4
C4414,3
C4415,4
C4416,5
C4417,2
C4418,2
C4419,0
C4420,0
C4421,1
C4422,1
C4423,0
C4424,4
C4425,2
C4426,5
C4427,3
C4428,3
C4429,1
C4430,0
C4431,1
C4432,0
C4433,1
C4434,4
C4435,3
C4436,4
C4437,0
C4438,5
C4439,5
C4440,0
C4441,2
C4442,5
C4443,1
C4444,1
C4445,1
C4446,1
C4447,1
C4448,4
C4449,1
C4450,4
C4451,5
C4452,0
C4453,5
C4454,2
C4455,1
C4456,3
C4457,4
C4458,1
C4459,3
C4460,4
C4461,3
C4462,3
C4463,4
C4464,2
C4465,0
C4466,4
C4467,3
C4468,0
C4469,5
C4470,3
C4471,0
C4472,0
C4473,4
C4474,5
C4475,4
C4476,5
C4477,4
C4478,3
C4479,0
C4480,1
C4481,5
C4482,1
C4483,5
C4484,3
C4485,0
C4486,0
C4487,1
C4488,4
C4489,0
C4490,1
C4491,2
C4492,1
C4493,1
C4494,1
C4495,0
C4496,3
C4497,0
C4498,1
C4499,2
C4500,0
C4501,4
C4502,5
C4503,3
C4504,3
C4505,3
C4506,1
C4507,5
C4508,2
C4509,3
C4510,2
C4511,5
C4512,5
C4513,3
C4514,5
C4515,1
C4516,0
C4517,0
C4518,4
C4519,5
C4520,1
C4521,5
C4522,0
C4523,3
C4524,3
C4525,4
C4526,1
C4527,1
C4528,5
C4529,1
C4530,0
C4531,5
C4532,1
C4533,1
C4534,0
C4535,0
C4536,2
C4537,4
C4538,4
C4539,5
C4540,5
C4541,5
C4542,4
C4543,4
C4544,0
C4545,4
C4546,2
C4547,3
C4548,1
C4549,2
C4550,1
C4551,5
C4552,1
C4553,2
C4554,1
C4555,4
C4556,5
C4557,2
C4558,1
C4559,2
C4560,4
C4561,1
C4562,1
C4563,0
C4564,0
C4565,5
C4566,1
C4567,1
C4568,0
C4569,3
C4570,3
C4571,2
C4572,3
C4573,1
C4574,2
C4575,5
C4576,3
C4577,1
C4578,5
C4579,5
C4580,2
C4581,0
C4582,3
C4583,3
C4584,2
C4585,3
C4586,3
C4587,2
C4588,0
C4589,2
C4590,0
C4591,1
C4592,0
C4593,5
C4594,3
C4595,1
C4596,4
C4597,2
C4598,3
C4599,1
C4600,1
C4601,4
C4602,0
C4603,3
C4604,5
C4605,5
C4606,1
C4607,0
C4608,2
C4609,1
C4610,4
C4611,2
C4612,2
C4613,2
C4614,0
C4615,0
C4616,2
C4617,1
C4618,2
C4619,2
C4620,3
C4621,4
C4622,5
C4623,5
C4624,0
C4625,3
C4626,4
C4627,3
C4628,4
C4629,5
C4630,1
C4631,5
C4632,1
C4633,0
C4634,3
C4635,4
C4636,2
C4637,4
C4638,1
C4639,5
C4640,0
C4641,4
C4642,3
C4643,2
C4644,3
C4645,5
C4646,4
C4647,2
C4648,1
C4649,0
C4650,0
C4651,4
C4652,1
C4653,4
C4654,0
C4655,4
C4656,0
C4657,3
C4658,2
C4659,2
C4660,3
C4661,4
C4662,2
C4663,3
C4664,1
C4665,3
C4666,2
C4667,2
C4668,3
C4669,0
C4670,2
C4671,4
C4672,2
C4673,2
C4674,0
C4675,3
C4676,1
C4677,2
C4678,1
C4679,1
C4680,5
C4681,0
C4682,2
C4683,5
C4684,1
C4685,0
C4686,5
C4687,4
C4688,1
C4689,3
C4690,2
C4691,2
C4692,0
C4693,0
C4694,2
C4695,5
C4696,0
C4697,0
C4698,4
C4699,3
C4700,5
C4701,3
C4702,0
C4703,4
C4704,0
C4705,0
C4706,1
C4707,4
C4708,0
C4709,4
C4710,2
C4711,4
C4712,3
C4713,5
C4714,0
C4715,1
C4716,2
C4717,1
C4718,1
C4719,1
C4720,3
C4721,0
C4722,1
C4723,4
C4724,2
C4725,0
C4726,2
C4727,3
C4728,3
C4729,4
C4730,3
C4731,1
C4732,5
C4733,1
C4734,2
C4735,1
C4736,0
C4737,1
C4738,0
C4739,0
C4740,2
C4741,1
C4742,4
C4743,4
C4744,0
C4745,0
C4746,0
C4747,0
C4748,0
C4749,2
C4750,5
C4751,3
C4752,3
C4753,2
C4754,3
C4755,3
C4756,5
C4757,2
C4758,4
C4759,0
C4760,0
C4761,3
C4762,3
C4763,1
C4764,3
C4765,1
C4766,1
C4767,5
C4768,1
C4769,2
C4770,2
C4771,0
C4772,4
C4773,4
C4774,0
C4775,0
C4776,5
C4777,4
C4778,5
C4779,0
C4780,2
C4781,4
C4782,1
C4783,5
C4784,5
C4785,2
C4786,2
C4787,3
C4788,0
C4789,0
C4790,5
C4791,0
C4792,0
C4793,3
C4794,2
C4795,4
C4796,3
C4797,5
C4798,3
C4799,5
C4800,1
C4801,5
C4802,2
C4803,4
C4804,2
C4805,5
C4806,1
C4807,4
C4808,5
C4809,1
C4810,0
C4811,2
C4812,1
C4813,0
C4814,4
C4815,4
C4816,3
C4817,2
C4818,3
C4819,1
C4820,1
C4821,0
C4822,1
C4823,2
C4824,0
C4825,1
C4826,3
C4827,1
C4828,4
C4829,0
C4830,1
C4831,2
C4832,5
C4833,4
C4834,3
C4835,0
C4836,5
C4837,3
C4838,1
C4839,3
C4840,3
C4841,4
C4842,4
C4843,3
C4844,2
C4845,1
C4846,5
C4847,4
C4848,3
C4849,2
C4850,1
C4851,1
C4852,2
C4853,3
C4854,3
C4855,1
C4856,5
C4857,4
C4858,1
C4859,2
C4860,4
C4861,0
C4862,1
C4863,4
C4864,1
C4865,0
C4866,0
C4867,3
C4868,2
C4869,2
C4870,4
C4871,4
C4872,5
C4873,3
C4874,2
C4875,2
C4876,2
C4877,5
C4878,4
C4879,4
C4880,1
C4881,5
C4882,1
C4883,0
C4884,3
C4885,1
C4886,4
C4887,3
C4888,1
C4889,4
C4890,3
C4891,4
C4892,0
C4893,0
C4894,2
C4895,5
C4896,0
C4897,0
C4898,0
C4899,4
C4900,1
C4901,2
C4902,0
C4903,0
C4904,5
C4905,1
C4906,2
C4907,0
C4908,1
C4909,1
C4910,4
C4911,5
C4912,1
C4913,2
C4914,1
C4915,5
C4916,2
C4917,0
C4918,0
C4919,2
C4920,4
C4921,5
C4922,0
C4923,2
C4924,3
C4925,5
C4926,2
C4927,3
C4928,2
C4929,2
C4930,1
C4931,3
C4932,1
C4933,2
C4934,5
C4935,0
C4936,4
C4937,2
C4938,1
C4939,0
C4940,5
C4941,3
C4942,1
C4943,0
C4944,1
C4945,5
C4946,0
C4947,3
C4948,5
C4949,3
C4950,2
C4951,0
C4952,0
C4953,0
C4954,3
C4955,0
C4956,2
C4957,4
C4958,2
C4959,4
C4960,1
C4961,0
C4962,0
C4963,1
C4964,1
C4965,3
C4966,4
C4967,3
C4968,2
C4969,5
C4970,2
C4971,1
C4972,4
C4973,1
C4974,1
C4975,0
C4976,1
C4977,4
C4978,5
C4979,0
C4980,3
C4981,3
C4982,2
C4983,1
C4984,5
C4985,3
C4986,5
C4987,4
C4988,4
C4989,4
C4990,5
C4991,2
C4992,0
C4993,3
C4994,5
C4995,5
C4996,1
C4997,5
C4998,5
C4999,0
C5000,5
C5001,2
C5002,0
C5003,3
C5004,4
C5005,3
C5006,2
C5007,2
C5008,4
C5009,0
C5010,2
C5011,5
C5012,2
C5013,3
C5014,2
C5015,0
C5016,3
C5017,0
C5018,5
C5019,3
C5020,3
C5021,5
C5022,1
C5023,3
C5024,5
C5025,1
C5026,0
C5027,4
C5028,0
C5029,1
C5030,2
C5031,1
C5032,0
C5033,3
C5034,5
C5035,2
C5036,1
C5037,3
C5038,5
C5039,5
C5040,3
C5041,0
C5042,0
C5043,3
C5044,2
C5045,5
C5046,3
C5047,0
C5048,3
C5049,5
C5050,1
C5051,5
C5052,5
C5053,2
C5054,3
C5055,5
C5056,4
C5057,3
C5058,1
C5059,0
C5060,4
C5061,4
C5062,2
C5063,1
C5064,3
C5065,1
C5066,0
C5067,2
C5068,4
C5069,2
C5070,4
C5071,2
C5072,4
C5073,4
C5074,3
C5075,4
C5076,1
C5077,5
C5078,2
C5079,2
C5080,5
C5081,2
C5082,0
C5083,1
C5084,4
C5085,0
C5086,0
C5087,3
C5088,5
C5089,4
C5090,1
C5091,2
C5092,5
C5093,3
C5094,0
C5095,0
C5096,4
C5097,4
C5098,1
C5099,4
C5100,5
C5101,4
C5102,4
C5103,1
C5104,4
C5105,5
C5106,3
C5107,2
C5108,1
C5109,0
C5110,4
C5111,3
C5112,2
C5113,0
C5114,1
C5115,3
C5116,4
C5117,5
C5118,5
C5119,1
C5120,2
C5121,4
C5122,0
C5123,4
C5124,1
C5125,3
C5126,3
C5127,4
C5128,0
C5129,2
C5130,5
C5131,2
C5132,0
C5133,4
C5134,0
C5135,4
C5136,0
C5137,3
C5138,0
C5139,3
C5140,3
C5141,1
C5142,2
C5143,5
C5144,4
C5145,3
C5146,0
C5147,1
C5148,5
C5149,0
C5150,0
C5151,3
C5152,2
C5153,0
C5154,3
C5155,2
C5156,5
C5157,3
C5158,3
C5159,4
C5160,4
C5161,3
C5162,4
C5163,1
C5164,3
C5165,3
C5166,3
C5167,0
C5168,0
C5169,4
C5170,0
C5171,0
C5172,4
C5173,2
C5174,4
C5175,2
C5176,5
C5177,3
C5178,0
C5179,1
C5180,4
C5181,3
C5182,3
C5183,3
C5184,0
C5185,2
C5186,3
C5187,4
C5188,4
C5189,5
C5190,2
C5191,4
C5192,5
C5193,5
C5194,1
C5195,2
C5196,1
C5197,1
C5198,5
C5199,4
C5200,0
C5201,0
C5202,0
C5203,0
C5204,2
C5205,2
C5206,3
C5207,3
C5208,4
C5209,2
C5210,4
C5211,4
C5212,2
C5213,0
C5214,2
C5215,5
C5216,0
C5217,4
C5218,5
C5219,0
C5220,5
C5221,5
C5222,1
C5223,2
C5224,5
C5225,0
C5226,5
C5227,2
C5228,2
C5229,1
C5230,0
C5231,1
C5232,4
C5233,2
C5234,1
C5235,1
C5236,0
C5237,0
C5238,5
C5239,4
C5240,1
C5241,4
C5242,5
C5243,4
C5244,2
C5245,0
C5246,0
C5247,2
C5248,3
C5249,5
C5250,2
C5251,5
C5252,4
C5253,2
C5254,2
C5255,5
C5256,0
C5257,1
C5258,1
C5259,1
C5260,5
C5261,1
C5262,2
C5263,5
C5264,5
C5265,5
C5266,3
C5267,1
C5268,0
C5269,3
C5270,2
C5271,2
C5272,4
C5273,0
C5274,5
C5275,4
C5276,3
C5277,0
C5278,2
C5279,3
C5280,5
C5281,1
C5282,4
C5283,2
C5284,5
C5285,0
C5286,1
C5287,4
C5288,1
C5289,1
C5290,5
C5291,4
C5292,4
C5293,3
C5294,4
C5295,5
C5296,0
C5297,3
C5298,5
C5299,2
C5300,0
C5301,0
C5302,2
C5303,5
C5304,1
C5305,0
C5306,2
C5307,2
C5308,0
C5309,0
C5310,1
C5311,2
C5312,1
C5313,0
C5314,2
C5315,1
C5316,3
C5317,5
C5318,3
C5319,2
C5320,4
C5321,4
C5322,5
C5323,4
C5324,3
C5325,0
C5326,5
C5327,0
C5328,3
C5329,5
C5330,4
C5331,4
C5332,3
C5333,0
C5334,0
C5335,0
C5336,5
C5337,5
C5338,5
C5339,1
C5340,4
C5341,1
C5342,4
C5343,5
C5344,2
C5345,1
C5346,1
C5347,0
C5348,2
C5349,0
C5350,1
C5351,1
C5352,1
C5353,1
C5354,3
C5355,5
C5356,2
C5357,5
C5358,2
C5359,1
C5360,4
C5361,2
C5362,0
C5363,1
C5364,5
C5365,4
C5366,3
C5367,4
C5368,3
C5369,4
C5370,2
C5371,4
C5372,5
C5373,3
C5374,5
C5375,5
C5376,1
C5377,0
C5378,1
C5379,1
C5380,1
C5381,0
C5382,4
C5383,0
C5384,3
C5385,1
C5386,4
C5387,2
C5388,2
C5389,5
C5390,3
C5391,5
C5392,2
C5393,3
C5394,1
C5395,1
C5396,3
C5397,1
C5398,1
C5399,1
C5400,0
C5401,1
C5402,5
C5403,3
C5404,0
C5405,1
C5406,1
C5407,2
C5408,5
C5409,0
C5410,1
C5411,4
C5412,5
C5413,3
C5414,1
C5415,3
C5416,5
C5417,3
C5418,0
C5419,2
C5420,5
C5421,3
C5422,5
C5423,1
C5424,3
C5425,4
C5426,5
C5427,4
C5428,0
C5429,1
C5430,1
C5431,5
C5432,2
C5433,3
C5434,3
C5435,3
C5436,2
C5437,0
C5438,4
C5439,5
C5440,4
C5441,2
C5442,3
C5443,2
C5444,4
C5445,2
C5446,0
C5447,0
C5448,5
C5449,3
C5450,3
C5451,1
C5452,3
C5453,3
C5454,0
C5455,0
C5456,4
C5457,2
C5458,2
C5459,2
C5460,0
C5461,5
C5462,1
C5463,2
C5464,1
C5465,1
C5466,0
C5467,4
C5468,5
C5469,1
C5470,3
C5471,0
C5472,3
C5473,5
C5474,5
C5475,4
C5476,5
C5477,0
C5478,1
C5479,0
C5480,3
C5481,5
C5482,1
C5483,2
C5484,2
C5485,5
C5486,1
C5487,4
C5488,4
C5489,3
C5490,0
C5491,0
C5492,0
C5493,1
C5494,4
C5495,4
C5496,2
C5497,2
C5498,4
C5499,2
C5500,1
C5501,3
C5502,4
C5503,2
C5504,2
C5505,0
C5506,3
C5507,1
C5508,0
C5509,4
C5510,3
C5511,2
C5512,4
C5513,4
C5514,0
C5515,0
C5516,5
C5517,4
C5518,1
C5519,2
C5520,4
C5521,4
C5522,4
C5523,1
C5524,4
C5525,2
C5526,5
C5527,1
C5528,0
C5529,2
C5530,0
C5531,2
C5532,1
C5533,2
C5534,3
C5535,0
C5536,0
C5537,1
C5538,2
C5539,1
C5540,0
C5541,1
C5542,3
C5543,1
C5544,2
C5545,5
C5546,5
C5547,5
C5548,0
C5549,1
C5550,3
C5551,0
C5552,1
C5553,2
C5554,1
C5555,4
C5556,1
C5557,5
C5558,0
C5559,3
C5560,0
C5561,4
C5562,5
C5563,0
C5564,2
C5565,3
C5566,0
C5567,5
C5568,4
C5569,0
C5570,3
C5571,3
C5572,2
C5573,0
C5574,0
C5575,3
C5576,1
C5577,0
C5578,3
C5579,3
C5580,2
C5581,3
C5582,2
C5583,2
C5584,1
C5585,1
C5586,5
C5587,3
C5588,2
C5589,4
C5590,3
C5591,3
C5592,2
C5593,5
C5594,3
C5595,1
C5596,3
C5597,4
C5598,3
C5599,5
C5600,5
C5601,5
C5602,3
C5603,4
C5604,2
C5605,0
C5606,2
C5607,4
C5608,0
C5609,1
C5610,0
C5611,3
C5612,4
C5613,0
C5614,2
C5615,3
C5616,1
C5617,5
C5618,4
C5619,5
C5620,3
C5621,2
C5622,5
C5623,4
C5624,0
C5625,2
C5626,4
C5627,5
C5628,1
C5629,3
C5630,3
C5631,1
C5632,5
C5633,4
C5634,5
C5635,1
C5636,0
C5637,1
C5638,0
C5639,2
C5640,5
C5641,4
C5642,3
C5643,3
C5644,0
C5645,3
C5646,4
C5647,5
C5648,1
C5649,5
C5650,2
C5651,0
C5652,1
C5653,1
C5654,2
C5655,3
C5656,3
C5657,1
C5658,4
C5659,5
C5660,1
C5661,0
C5662,3
C5663,5
C5664,4
C5665,3
C5666,4
C5667,2
C5668,2
C5669,0
C5670,1
C5671,1
C5672,5
C5673,5
C5674,1
C5675,3
C5676,0
C5677,1
C5678,5
C5679,2
C5680,2
C5681,3
C5682,4
C5683,4
C5684,1
C5685,1
C5686,4
C5687,2
C5688,3
C5689,5
C5690,0
C5691,1
C5692,1
C5693,4
C5694,0
C5695,0
C5696,0
C5697,1
C5698,2
C5699,4
C5700,2
C5701,0
C5702,4
C5703,4
C5704,5
C5705,2
C5706,5
C5707,2
C5708,5
C5709,5
C5710,4
C5711,2
C5712,4
C5713,3
C5714,1
C5715,3
C5716,2
C5717,0
C5718,1
C5719,5
C5720,1
C5721,2
C5722,5
C5723,2
C5724,2
C5725,1
C5726,3
C5727,3
C5728,2
C5729,3
C5730,3
C5731,3
C5732,5
C5733,3
C5734,2
C5735,2
C5736,2
C5737,4
C5738,2
C5739,3
C5740,1
C5741,4
C5742,0
C5743,3
C5744,5
C5745,4
C5746,2
C5747,5
C5748,1
C5749,3
C5750,1
C5751,3
C5752,5
C5753,4
C5754,0
C5755,3
C5756,3
C5757,0
C5758,0
C5759,5
C5760,1
C5761,4
C5762,1
C5763,3
C5764,4
C5765,3
C5766,3
C5767,1
C5768,3
C5769,2
C5770,2
C5771,2
C5772,1
C5773,1
C5774,2
C5775,0
C5776,3
C5777,2
C5778,3
C5779,5
C5780,2
C5781,1
C5782,1
C5783,3
C5784,1
C5785,4
C5786,4
C5787,1
C5788,4
C5789,5
C5790,3
C5791,4
C5792,0
C5793,5
C5794,3
C5795,4
C5796,5
C5797,2
C5798,4
C5799,5
C5800,2
C5801,2
C5802,2
C5803,3
C5804,2
C5805,1
C5806,5
C5807,2
C5808,0
C5809,1
C5810,2
C5811,2
C5812,4
C5813,5
C5814,1
C5815,2
C5816,4
C5817,1
C5818,5
C5819,4
C5820,3
C5821,1
C5822,5
C5823,4
C5824,0
C5825,1
C5826,5
C5827,1
C5828,2
C5829,3
C5830,2
C5831,1
C5832,1
C5833,4
C5834,3
C5835,4
C5836,5
C5837,2
C5838,3
C5839,1
C5840,4
C5841,2
C5842,0
C5843,2
C5844,0
C5845,4
C5846,0
C5847,2
C5848,3
C5849,4
C5850,3
C5851,0
C5852,2
C5853,4
C5854,5
C5855,0
C5856,1
C5857,4
C5858,3
C5859,5
C5860,2
C5861,2
C5862,5
C5863,0
C5864,2
C5865,3
C5866,1
C5867,1
C5868,1
C5869,4
C5870,1
C5871,2
C5872,2
C5873,3
C5874,2
C5875,5
C5876,5
C5877,3
C5878,4
C5879,3
C5880,2
C5881,0
C5882,1
C5883,0
C5884,1
C5885,3
C5886,2
C5887,2
C5888,1
C5889,3
C5890,0
C5891,0
C5892,0
C5893,1
C5894,3
C5895,5
C5896,3
C5897,1
C5898,3
C5899,2
C5900,3
C5901,2
C5902,3
C5903,0
C5904,1
C5905,2
C5906,1
C5907,3
C5908,0
C5909,3
C5910,0
C5911,0
C5912,2
C5913,0
C5914,2
C5915,3
C5916,3
C5917,4
C5918,5
C5919,5
C5920,3
C5921,1
C5922,5
C5923,4
C5924,3
C5925,4
C5926,0
C5927,5
C5928,4
C5929,5
C5930,2
C5931,3
C5932,0
C5933,3
C5934,1
C5935,5
C5936,3
C5937,5
C5938,4
C5939,5
C5940,5
C5941,4
C5942,3
C5943,1
C5944,4
C5945,2
C5946,1
C5947,3
C5948,0
C5949,4
C5950,0
C5951,3
C5952,1
C5953,3
C5954,3
C5955,5
C5956,2
C5957,3
C5958,3
C5959,2
C5960,1
C5961,4
C5962,2
C5963,2
C5964,3
C5965,2
C5966,2
C5967,4
C5968,1
C5969,0
C5970,3
C5971,5
C5972,2
C5973,0
C5974,0
C5975,4
C5976,1
C5977,2
C5978,3
C5979,0
C5980,2
C5981,4
C5982,2
C5983,0
C5984,0
C5985,2
C5986,5
C5987,0
C5988,4
C5989,1
C5990,1
C5991,1
C5992,4
C5993,3
C5994,5
C5995,2
C5996,1
C5997,1
C5998,1
C5999,2
C6000,0
C6001,3
C6002,2
C6003,1
C6004,2
C6005,0
C6006,5
C6007,4
C6008,1
C6009,5
C6010,2
C6011,1
C6012,0
C6013,1
C6014,2
C6015,0
C6016,4
C6017,2
C6018,0
C6019,3
C6020,0
C6021,5
C6022,4
C6023,3
C6024,4
C6025,2
C6026,2
C6027,1
C6028,5
C6029,0
C6030,5
C6031,5
C6032,1
C6033,0
C6034,3
C6035,4
C6036,0
C6037,2
C6038,2
C6039,5
C6040,0
C6041,0
C6042,3
C6043,1
C6044,5
C6045,0
C6046,4
C6047,1
C6048,4
C6049,0
C6050,1
C6051,0
C6052,0
C6053,0
C6054,0
C6055,1
C6056,1
C6057,0
C6058,2
C6059,2
C6060,1
C6061,1
C6062,2
C6063,2
C6064,3
C6065,0
C6066,2
C6067,4
C6068,3
C6069,2
C6070,1
C6071,1
C6072,1
C6073,1
C6074,0
C6075,4
C6076,5
C6077,2
C6078,4
C6079,1
C6080,0
C6081,2
C6082,4
C6083,0
C6084,5
C6085,2
C6086,1
C6087,4
C6088,4
C6089,0
C6090,0
C6091,5
C6092,2
C6093,4
C6094,2
C6095,1
C6096,4
C6097,1
C6098,1
C6099,0
C6100,4
C6101,4
C6102,5
C6103,4
C6104,0
C6105,1
C6106,4
C6107,5
C6108,4
C6109,1
C6110,5
C6111,4
C6112,4
C6113,4
C6114,2
C6115,1
C6116,2
C6117,1
C6118,1
C6119,1
C6120,1
C6121,3
C6122,1
C6123,4
C6124,4
C6125,5
C6126,5
C6127,3
C6128,1
C6129,1
C6130,2
C6131,5
C6132,1
C6133,2
C6134,5
C6135,5
C6136,1
C6137,4
C6138,4
C6139,0
C6140,5
C6141,2
C6142,1
C6143,1
C6144,1
C6145,3
C6146,3
C6147,2
C6148,1
C6149,2
C6150,5
C6151,2
C6152,3
C6153,5
C6154,3
C6155,2
C6156,1
C6157,3
C6158,4
C6159,1
C6160,4
C6161,3
C6162,0
C6163,4
C6164,4
C6165,2
C6166,4
C6167,4
C6168,5
C6169,2
C6170,3
C6171,3
C6172,1
C6173,3
C6174,2
C6175,5
C6176,0
C6177,3
C6178,0
C6179,4
C6180,1
C6181,1
C6182,0
C6183,2
C6184,2
C6185,5
C6186,2
C6187,3
C6188,4
C6189,2
C6190,2
C6191,4
C6192,1
C6193,5
C6194,3
C6195,0
C6196,2
C6197,5
C6198,2
C6199,4
C6200,4
C6201,5
C6202,1
C6203,4
C6204,2
C6205,5
C6206,3
C6207,5
C6208,0
C6209,0
C6210,2
C6211,3
C6212,5
C6213,1
C6214,0
C6215,5
C6216,3
C6217,5
C6218,4
C6219,4
C6220,1
C6221,1
C6222,0
C6223,3
C6224,3
C6225,2
C6226,3
C6227,0
C6228,5
C6229,5
C6230,2
C6231,1
C6232,1
C6233,0
C6234,4
C6235,2
C6236,1
C6237,3
C6238,3
C6239,5
C6240,2
C6241,1
C6242,0
C6243,5
C6244,2
C6245,1
C6246,2
C6247,1
C6248,2
C6249,0
C6250,1
C6251,0
C6252,5
C6253,5
C6254,5
C6255,0
C6256,0
C6257,3
C6258,4
C6259,0
C6260,3
C6261,5
C6262,1
C6263,2
C6264,0
C6265,0
C6266,0
C6267,1
C6268,3
C6269,0
C6270,1
C6271,2
C6272,5
C6273,2
C6274,5
C6275,0
C6276,4
C6277,5
C6278,5
C6279,4
C6280,5
C6281,2
C6282,2
C6283,4
C6284,5
C6285,1
C6286,1
C6287,3
C6288,3
C6289,5
C6290,5
C6291,0
C6292,3
C6293,4
C6294,2
C6295,0
C6296,5
C6297,1
C6298,0
C6299,5
C6300,4
C6301,1
C6302,5
C6303,4
C6304,4
C6305,0
C6306,0
C6307,0
C6308,4
C6309,0
C6310,1
C6311,3
C6312,0
C6313,1
C6314,0
C6315,1
C6316,0
C6317,2
C6318,3
C6319,5
C6320,5
C6321,5
C6322,3
C6323,0
C6324,0
C6325,4
C6326,3
C6327,0
C6328,3
C6329,2
C6330,4
C6331,4
C6332,3
C6333,4
C6334,3
C6335,3
C6336,1
C6337,2
C6338,3
C6339,1
C6340,3
C6341,2
C6342,5
C6343,5
C6344,5
C6345,2
C6346,5
C6347,3
C6348,5
C6349,2
C6350,2
C6351,3
C6352,3
C6353,3
C6354,3
C6355,5
C6356,4
C6357,2
C6358,3
C6359,2
C6360,4
C6361,5
C6362,2
C6363,0
C6364,4
C6365,1
C6366,3
C6367,0
C6368,2
C6369,0
C6370,5
C6371,0
C6372,3
C6373,2
C6374,4
C6375,2
C6376,1
C6377,1
C6378,4
C6379,2
C6380,0
C6381,3
C6382,0
C6383,0
C6384,3
C6385,0
C6386,3
C6387,5
C6388,5
C6389,2
C6390,5
C6391,5
C6392,4
C6393,5
C6394,2
C6395,2
C6396,1
C6397,5
C6398,1
C6399,1
C6400,5
C6401,0
C6402,3
C6403,4
C6404,1
C6405,2
C6406,1
C6407,0
C6408,0
C6409,5
C6410,5
C6411,4
C6412,5
C6413,4
C6414,3
C6415,1
C6416,2
C6417,2
C6418,4
C6419,4
C6420,5
C6421,3
C6422,1
C6423,4
C6424,2
C6425,0
C6426,4
C6427,3
C6428,2
C6429,3
C6430,1
C6431,0
C6432,5
C6433,5
C6434,0
C6435,1
C6436,0
C6437,3
C6438,4
C6439,4
C6440,5
C6441,2
C6442,4
C6443,0
C6444,1
C6445,5
C6446,1
C6447,2
C6448,0
C6449,0
C6450,4
C6451,1
C6452,2
C6453,3
C6454,5
C6455,1
C6456,0
C6457,0
C6458,2
C6459,0
C6460,0
C6461,3
C6462,4
C6463,1
C6464,2
C6465,1
C6466,5
C6467,2
C6468,3
C6469,1
C6470,0
C6471,5
C6472,1
C6473,3
C6474,3
C6475,3
C6476,3
C6477,3
C6478,2
C6479,4
C6480,3
C6481,2
C6482,4
C6483,0
C6484,5
C6485,5
C6486,2
C6487,1
C6488,2
C6489,3
C6490,5
C6491,3
C6492,2
C6493,5
C6494,0
C6495,4
C6496,4
C6497,1
C6498,5
C6499,3
C6500,0
C6501,5
C6502,3
C6503,4
C6504,3
C6505,5
C6506,4
C6507,2
C6508,2
C6509,0
C6510,2
C6511,4
C6512,2
C6513,2
C6514,2
C6515,1
C6516,3
C6517,4
C6518,5
C6519,0
C6520,2
C6521,1
C6522,2
C6523,1
C6524,3
C6525,2
C6526,2
C6527,0
C6528,1
C6529,0
C6530,5
C6531,1
C6532,1
C6533,1
C6534,0
C6535,5
C6536,2
C6537,4
C6538,3
C6539,0
C6540,0
C6541,3
C6542,2
C6543,0
C6544,4
C6545,3
C6546,5
C6547,2
C6548,2
C6549,4
C6550,2
C6551,3
C6552,5
C6553,3
C6554,2
C6555,2
C6556,5
C6557,3
C6558,1
C6559,5
C6560,0
C6561,1
C6562,4
C6563,2
C6564,3
C6565,3
C6566,0
C6567,3
C6568,4
C6569,2
C6570,1
C6571,3
C6572,1
C6573,0
C6574,5
C6575,1
C6576,3
C6577,4
C6578,3
C6579,5
C6580,0
C6581,2
C6582,5
C6583,5
C6584,2
C6585,4
C6586,3
C6587,3
C6588,2
C6589,4
C6590,1
C6591,1
C6592,1
C6593,2
C6594,2
C6595,1
C6596,0
C6597,5
C6598,4
C6599,0
C6600,1
C6601,3
C6602,3
C6603,2
C6604,4
C6605,3
C6606,5
C6607,2
C6608,5
C6609,5
C6610,3
C6611,4
C6612,5
C6613,5
C6614,1
C6615,5
C6616,0
C6617,3
C6618,0
C6619,0
C6620,0
C6621,0
C6622,3
C6623,3
C6624,0
C6625,4
C6626,3
C6627,4
C6628,1
C6629,4
C6630,1
C6631,3
C6632,3
C6633,3
C6634,2
C6635,1
C6636,2
C6637,0
C6638,5
C6639,0
C6640,1
C6641,1
C6642,2
C6643,3
C6644,4
C6645,2
C6646,3
C6647,2
C6648,5
C6649,1
C6650,0
C6651,3
C6652,3
C6653,5
C6654,1
C6655,1
C6656,3
C6657,3
C6658,4
C6659,2
C6660,1
C6661,2
C6662,5
C6663,3
C6664,4
C6665,2
C6666,2
C6667,4
C6668,3
C6669,3
C6670,4
C6671,4
C6672,3
C6673,2
C6674,2
C6675,4
C6676,0
C6677,1
C6678,2
C6679,0
C6680,3
C6681,4
C6682,4
C6683,4
C6684,4
C6685,1
C6686,0
C6687,5
C6688,2
C6689,0
C6690,5
C6691,5
C6692,2
C6693,3
C6694,5
C6695,5
C6696,5
C6697,3
C6698,1
C6699,1
C6700,0
C6701,5
C6702,4
C6703,1
C6704,0
C6705,2
C6706,2
C6707,4
C6708,0
C6709,1
C6710,3
C6711,5
C6712,1
C6713,4
C6714,2
C6715,2
C6716,1
C6717,1
C6718,0
C6719,3
C6720,2
C6721,2
C6722,4
C6723,1
C6724,2
C6725,3
C6726,5
C6727,1
C6728,1
C6729,0
C6730,5
C6731,1
C6732,1
C6733,4
C6734,4
C6735,3
C6736,3
C6737,2
C6738,0
C6739,2
C6740,0
C6741,5
C6742,0
C6743,1
C6744,5
C6745,5
C6746,4
C6747,0
C6748,0
C6749,3
C6750,2
C6751,2
C6752,4
C6753,5
C6754,4
C6755,3
C6756,1
C6757,5
C6758,0
C6759,1
C6760,3
C6761,0
C6762,4
C6763,3
C6764,3
C6765,1
C6766,4
C6767,1
C6768,5
C6769,1
C6770,3
C6771,1
C6772,3
C6773,5
C6774,3
C6775,4
C6776,2
C6777,5
C6778,5
C6779,0
C6780,4
C6781,2
C6782,3
C6783,4
C6784,5
C6785,4
C6786,3
C6787,3
C6788,4
C6789,5
C6790,3
C6791,5
C6792,0
C6793,4
C6794,4
C6795,0
C6796,1
C6797,1
C6798,3
C6799,5
C6800,3
C6801,0
C6802,1
C6803,4
C6804,0
C6805,5
C6806,2
C6807,1
C6808,1
C6809,3
C6810,2
C6811,4
C6812,4
C6813,2
C6814,4
C6815,2
C6816,3
C6817,1
C6818,2
C6819,5
C6820,5
C6821,4
C6822,1
C6823,0
C6824,4
C6825,5
C6826,5
C6827,4
C6828,3
C6829,3
C6830,5
C6831,0
C6832,1
C6833,4
C6834,1
C6835,0
C6836,3
C6837,3
C6838,2
C6839,2
C6840,5
C6841,4
C6842,0
C6843,2
C6844,3
C6845,3
C6846,5
C6847,0
C6848,3
C6849,5
C6850,0
C6851,4
C6852,2
C6853,5
C6854,2
C6855,3
C6856,1
C6857,5
C6858,1
C6859,1
C6860,0
C6861,3
C6862,0
C6863,2
C6864,0
C6865,4
C6866,3
C6867,1
C6868,4
C6869,2
C6870,5
C6871,5
C6872,1
C6873,0
C6874,4
C6875,2
C6876,5
C6877,2
C6878,4
C6879,3
C6880,5
C6881,5
C6882,5
C6883,0
C6884,1
C6885,4
C6886,0
C6887,3
C6888,3
C6889,1
C6890,0
C6891,0
C6892,3
C6893,2
C6894,2
C6895,4
C6896,3
C6897,5
C6898,0
C6899,3
C6900,4
C6901,5
C6902,4
C6903,5
C6904,2
C6905,5
C6906,1
C6907,3
C6908,2
C6909,1
C6910,0
C6911,2
C6912,2
C6913,1
C6914,3
C6915,3
C6916,3
C6917,0
C6918,2
C6919,4
C6920,4
C6921,3
C6922,5
C6923,0
C6924,4
C6925,0
C6926,5
C6927,3
C6928,1
C6929,3
C6930,3
C6931,4
C6932,2
C6933,5
C6934,4
C6935,1
C6936,2
C6937,3
C6938,1
C6939,4
C6940,4
C6941,2
C6942,1
C6943,2
C6944,4
C6945,1
C6946,4
C6947,5
C6948,5
C6949,0
C6950,1
C6951,2
C6952,2
C6953,0
C6954,5
C6955,0
C6956,2
C6957,2
C6958,1
C6959,2
C6960,0
C6961,2
C6962,1
C6963,4
C6964,2
C6965,2
C6966,1
C6967,1
C6968,5
C6969,3
C6970,1
C6971,0
C6972,3
C6973,1
C6974,0
C6975,0
C6976,0
C6977,4
C6978,3
C6979,4
C6980,5
C6981,1
C6982,3
C6983,3
C6984,0
C6985,2
C6986,2
C6987,2
C6988,3
C6989,2
C6990,3
C6991,0
C6992,3
C6993,2
C6994,0
C6995,0
C6996,4
C6997,4
C6998,3
C6999,3
C7000,2
C7001,5
C7002,1
C7003,5
C7004,3
C7005,1
C7006,5
C7007,0
C7008,5
C7009,2
C7010,4
C7011,5
C7012,4
C7013,4
C7014,2
C7015,2
C7016,4
C7017,2
C7018,0
C7019,0
C7020,3
C7021,3
C7022,5
C7023,4
C7024,2
C7025,2
C7026,4
C7027,4
C7028,5
C7029,5
C7030,3
C7031,1
C7032,0
C7033,1
C7034,5
C7035,0
C7036,1
C7037,4
C7038,0
C7039,4
C7040,0
C7041,0
C7042,5
C7043,4
C7044,3
C7045,0
C7046,4
C7047,0
C7048,4
C7049,2
C7050,2
C7051,2
C7052,1
C7053,1
C7054,4
C7055,0
C7056,1
C7057,5
C7058,1
C7059,0
C7060,5
C7061,1
C7062,5
C7063,2
C7064,1
C7065,1
C7066,0
C7067,2
C7068,5
C7069,4
C7070,3
C7071,0
C7072,3
C7073,0
C7074,2
C7075,3
C7076,4
C7077,3
C7078,5
C7079,1
C7080,3
C7081,1
C7082,0
C7083,4
C7084,0
C7085,1
C7086,5
C7087,4
C7088,1
C7089,3
C7090,5
C7091,1
C7092,0
C7093,5
C7094,0
C7095,5
C7096,2
C7097,3
C7098,3
C7099,4
C7100,4
C7101,2
C7102,2
C7103,3
C7104,2
C7105,2
C7106,3
C7107,2
C7108,5
C7109,3
C7110,4
C7111,0
C7112,4
C7113,1
C7114,5
C7115,0
C7116,3
C7117,3
C7118,4
C7119,1
C7120,2
C7121,2
C7122,5
C7123,1
C7124,0
C7125,3
C7126,2
C7127,2
C7128,0
C7129,5
C7130,4
C7131,2
C7132,5
C7133,4
C7134,2
C7135,4
C7136,2
C7137,3
C7138,2
C7139,4
C7140,1
C7141,4
C7142,1
C7143,2
C7144,0
C7145,1
C7146,0
C7147,0
C7148,5
C7149,3
C7150,4
C7151,2
C7152,4
C7153,1
C7154,5
C7155,2
C7156,1
C7157,2
C7158,1
C7159,3
C7160,3
C7161,3
C7162,3
C7163,5
C7164,3
C7165,3
C7166,4
C7167,1
C7168,0
C7169,2
C7170,0
C7171,0
C7172,0
C7173,3
C7174,4
C7175,3
C7176,0
C7177,3
C7178,0
C7179,4
C7180,0
C7181,5
C7182,5
C7183,1
C7184,4
C7185,1
C7186,0
C7187,1
C7188,1
C7189,0
C7190,0
C7191,1
C7192,2
C7193,3
C7194,5
C7195,0
C7196,4
C7197,5
C7198,2
C7199,3
C7200,4
C7201,4
C7202,4
C7203,4
C7204,5
C7205,2
C7206,5
C7207,4
C7208,2
C7209,3
C7210,2
C7211,0
C7212,2
C7213,0
C7214,1
C7215,0
C7216,1
C7217,4
C7218,2
C7219,1
C7220,1
C7221,3
C7222,2
C7223,2
C7224,4
C7225,4
C7226,4
C7227,0
C7228,0
C7229,3
C7230,1
C7231,0
C7232,1
C7233,0
C7234,5
C7235,4
C7236,2
C7237,0
C7238,3
C7239,5
C7240,3
C7241,4
C7242,1
C7243,4
C7244,4
C7245,4
C7246,5
C7247,4
C7248,5
C7249,2
C7250,0
C7251,4
C7252,4
C7253,1
C7254,5
C7255,5
C7256,5
C7257,0
C7258,3
C7259,5
C7260,3
C7261,0
C7262,5
C7263,3
C7264,5
C7265,3
C7266,2
C7267,1
C7268,3
C7269,3
C7270,2
C7271,2
C7272,5
C7273,1
C7274,1
C7275,1
C7276,1
C7277,1
C7278,5
C7279,5
C7280,4
C7281,4
C7282,4
C7283,0
C7284,1
C7285,1
C7286,0
C7287,2
C7288,3
C7289,0
C7290,5
C7291,3
C7292,0
C7293,1
C7294,1
C7295,4
C7296,0
C7297,3
C7298,4
C7299,5
C7300,5
C7301,0
C7302,5
C7303,0
C7304,5
C7305,2
C7306,4
C7307,4
C7308,4
C7309,2
C7310,5
C7311,5
C7312,2
C7313,5
C7314,3
C7315,3
C7316,5
C7317,0
C7318,0
C7319,1
C7320,4
C7321,1
C7322,5
C7323,2
C7324,4
C7325,4
C7326,3
C7327,4
C7328,4
C7329,0
C7330,2
C7331,4
C7332,1
C7333,2
C7334,2
C7335,1
C7336,0
C7337,4
C7338,2
C7339,0
C7340,1
C7341,5
C7342,5
C7343,0
C7344,1
C7345,0
C7346,4
C7347,5
C7348,3
C7349,5
C7350,3
C7351,1
C7352,3
C7353,5
C7354,1
C7355,2
C7356,2
C7357,3
C7358,4
C7359,1
C7360,2
C7361,1
C7362,4
C7363,4
C7364,4
C7365,4
C7366,3
C7367,0
C7368,3
C7369,2
C7370,1
C7371,1
C7372,1
C7373,1
C7374,1
C7375,0
C7376,3
C7377,5
C7378,5
C7379,2
C7380,5
C7381,0
C7382,0
C7383,2
C7384,0
C7385,4
C7386,4
C7387,1
C7388,4
C7389,0
C7390,2
C7391,2
C7392,4
C7393,4
C7394,3
C7395,3
C7396,4
C7397,3
C7398,2
C7399,2
C7400,0
C7401,3
C7402,3
C7403,3
C7404,4
C7405,2
C7406,0
C7407,5
C7408,3
C7409,4
C7410,0
C7411,4
C7412,5
C7413,3
C7414,0
C7415,1
C7416,1
C7417,1
C7418,1
C7419,2
C7420,0
C7421,2
C7422,3
C7423,3
C7424,2
C7425,1
C7426,2
C7427,4
C7428,1
C7429,1
C7430,4
C7431,1
C7432,3
C7433,2
C7434,2
C7435,1
C7436,5
C7437,2
C7438,5
C7439,0
C7440,2
C7441,1
C7442,2
C7443,0
C7444,1
C7445,0
C7446,4
C7447,5
C7448,1
C7449,0
C7450,1
C7451,1
C7452,2
C7453,0
C7454,4
C7455,3
C7456,2
C7457,1
C7458,5
C7459,3
C7460,5
C7461,2
C7462,4
C7463,2
C7464,1
C7465,1
C7466,3
C7467,4
C7468,3
C7469,1
C7470,2
C7471,5
C7472,2
C7473,5
C7474,5
C7475,1
C7476,3
C7477,1
C7478,0
C7479,0
C7480,1
C7481,1
C7482,4
C7483,1
C7484,3
C7485,0
C7486,3
C7487,5
C7488,5
C7489,2
C7490,4
C7491,0
C7492,4
C7493,2
C7494,3
C7495,3
C7496,4
C7497,5
C7498,1
C7499,4
C7500,4
C7501,3
C7502,1
C7503,2
C7504,3
C7505,2
C7506,2
C7507,0
C7508,5
C7509,2
C7510,1
C7511,2
C7512,5
C7513,4
C7514,3
C7515,2
C7516,0
C7517,0
C7518,1
C7519,1
C7520,1
C7521,1
C7522,4
C7523,3
C7524,4
C7525,0
C7526,5
C7527,0
C7528,3
C7529,2
C7530,2
C7531,1
C7532,2
C7533,1
C7534,3
C7535,0
C7536,2
C7537,2
C7538,0
C7539,2
C7540,0
C7541,4
C7542,2
C7543,2
C7544,5
C7545,5
C7546,3
C7547,5
C7548,4
C7549,3
C7550,5
C7551,4
C7552,1
C7553,1
C7554,1
C7555,3
C7556,1
C7557,1
C7558,2
C7559,3
C7560,2
C7561,3
C7562,2
C7563,1
C7564,5
C7565,2
C7566,3
C7567,1
C7568,3
C7569,0
C7570,2
C7571,4
C7572,5
C7573,2
C7574,4
C7575,2
C7576,1
C7577,4
C7578,2
C7579,0
C7580,4
C7581,5
C7582,3
C7583,2
C7584,2
C7585,1
C7586,0
C7587,0
C7588,4
C7589,2
C7590,5
C7591,1
C7592,3
C7593,0
C7594,4
C7595,2
C7596,3
C7597,4
C7598,5
C7599,3
C7600,0
C7601,3
C7602,0
C7603,3
C7604,4
C7605,3
C7606,2
C7607,4
C7608,0
C7609,0
C7610,3
C7611,2
C7612,3
C7613,3
C7614,4
C7615,5
C7616,1
C7617,0
C7618,0
C7619,2
C7620,2
C7621,3
C7622,0
C7623,4
C7624,5
C7625,5
C7626,5
C7627,1
C7628,4
C7629,5
C7630,0
C7631,5
C7632,4
C7633,5
C7634,5
C7635,2
C7636,1
C7637,2
C7638,0
C7639,0
C7640,2
C7641,4
C7642,5
C7643,3
C7644,4
C7645,3
C7646,5
C7647,1
C7648,4
C7649,3
C7650,5
C7651,4
C7652,5
C7653,4
C7654,3
C7655,3
C7656,1
C7657,0
C7658,2
C7659,3
C7660,3
C7661,1
C7662,3
C7663,1
C7664,0
C7665,3
C7666,5
C7667,4
C7668,5
C7669,1
C7670,4
C7671,3
C7672,2
C7673,3
C7674,5
C7675,0
C7676,5
C7677,3
C7678,5
C7679,1
C7680,0
C7681,4
C7682,0
C7683,4
C7684,3
C7685,2
C7686,3
C7687,1
C7688,1
C7689,0
C7690,0
C7691,4
C7692,1
C7693,3
C7694,5
C7695,2
C7696,5
C7697,0
C7698,2
C7699,2
C7700,4
C7701,4
C7702,0
C7703,3
C7704,1
C7705,2
C7706,4
C7707,1
C7708,3
C7709,2
C7710,2
C7711,4
C7712,2
C7713,1
C7714,0
C7715,3
C7716,4
C7717,1
C7718,2
C7719,4
C7720,5
C7721,4
C7722,5
C7723,3
C7724,0
C7725,1
C7726,2
C7727,4
C7728,3
C7729,0
C7730,5
C7731,1
C7732,4
C7733,4
C7734,3
C7735,4
C7736,3
C7737,1
C7738,5
C7739,3
C7740,5
C7741,0
C7742,3
C7743,5
C7744,5
C7745,3
C7746,5
C7747,5
C7748,1
C7749,1
C7750,3
C7751,0
C7752,1
C7753,0
C7754,4
C7755,1
C7756,3
C7757,0
C7758,2
C7759,4
C7760,5
C7761,3
C7762,4
C7763,3
C7764,3
C7765,4
C7766,3
C7767,1
C7768,5
C7769,4
C7770,5
C7771,4
C7772,5
C7773,3
C7774,0
C7775,2
C7776,3
C7777,2
C7778,3
C7779,3
C7780,5
C7781,5
C7782,3
C7783,2
C7784,1
C7785,4
C7786,0
C7787,5
C7788,1
C7789,1
C7790,1
C7791,3
C7792,5
C7793,0
C7794,2
C7795,2
C7796,1
C7797,3
C7798,1
C7799,1
C7800,1
C7801,2
C7802,0
C7803,3
C7804,5
C7805,1
C7806,2
C7807,5
C7808,5
C7809,0
C7810,0
C7811,4
C7812,2
C7813,5
C7814,5
C7815,5
C7816,3
C7817,1
C7818,1
C7819,2
C7820,3
C7821,3
C7822,4
C7823,0
C7824,4
C7825,0
C7826,5
C7827,3
C7828,0
C7829,1
C7830,5
C7831,1
C7832,4
C7833,0
C7834,5
C7835,1
C7836,2
C7837,4
C7838,3
C7839,4
C7840,5
C7841,5
C7842,1
C7843,1
C7844,0
C7845,2
C7846,5
C7847,1
C7848,3
C7849,5
C7850,0
C7851,5
C7852,3
C7853,2
C7854,3
C7855,3
C7856,0
C7857,4
C7858,0
C7859,3
C7860,2
C7861,2
C7862,4
C7863,2
C7864,3
C7865,1
C7866,3
C7867,3
C7868,3
C7869,2
C7870,1
C7871,1
C7872,2
C7873,2
C7874,2
C7875,4
C7876,4
C7877,0
C7878,1
C7879,4
C7880,1
C7881,0
C7882,5
C7883,4
C7884,4
C7885,3
C7886,1
C7887,2
C7888,0
C7889,5
C7890,4
C7891,3
C7892,4
C7893,5
C7894,4
C7895,5
C7896,3
C7897,2
C7898,2
C7899,4
C7900,1
C7901,1
C7902,3
C7903,4
C7904,2
C7905,1
C7906,2
C7907,0
C7908,2
C7909,5
C7910,1
C7911,1
C7912,1
C7913,1
C7914,1
C7915,1
C7916,3
C7917,0
C7918,5
C7919,4
C7920,0
C7921,4
C7922,0
C7923,3
C7924,1
C7925,2
C7926,0
C7927,1
C7928,0
C7929,1
C7930,0
C7931,3
C7932,4
C7933,0
C7934,1
C7935,4
C7936,3
C7937,4
C7938,3
C7939,2
C7940,0
C7941,5
C7942,0
C7943,3
C7944,5
C7945,1
C7946,0
C7947,1
C7948,1
C7949,1
C7950,2
C7951,3
C7952,0
C7953,1
C7954,1
C7955,3
C7956,0
C7957,1
C7958,1
C7959,4
C7960,2
C7961,4
C7962,5
C7963,1
C7964,5
C7965,4
C7966,0
C7967,3
C7968,2
C7969,4
C7970,3
C7971,3
C7972,2
C7973,0
C7974,4
C7975,5
C7976,0
C7977,4
C7978,1
C7979,1
C7980,5
C7981,4
C7982,5
C7983,0
C7984,5
C7985,2
C7986,1
C7987,4
C7988,0
C7989,4
C7990,5
C7991,0
C7992,1
C7993,4
C7994,0
C7995,4
C7996,1
C7997,4
C7998,5
C7999,0
C8000,4
C8001,4
C8002,1
C8003,3
C8004,2
C8005,2
C8006,1
C8007,4
C8008,1
C8009,2
C8010,1
C8011,2
C8012,0
C8013,2
C8014,2
C8015,0
C8016,2
C8017,1
C8018,3
C8019,2
C8020,3
C8021,1
C8022,5
C8023,2
C8024,3
C8025,1
C8026,5
C8027,1
C8028,1
C8029,2
C8030,0
C8031,1
C8032,3
C8033,0
C8034,5
C8035,2
C8036,4
C8037,5
C8038,3
C8039,3
C8040,0
C8041,0
C8042,4
C8043,5
C8044,0
C8045,2
C8046,3
C8047,1
C8048,1
C8049,4
C8050,2
C8051,0
C8052,1
C8053,3
C8054,4
C8055,1
C8056,4
C8057,2
C8058,4
C8059,4
C8060,1
C8061,0
C8062,2
C8063,4
C8064,1
C8065,1
C8066,1
C8067,2
C8068,2
C8069,5
C8070,5
C8071,0
C8072,5
C8073,5
C8074,5
C8075,4
C8076,0
C8077,3
C8078,0
C8079,0
C8080,0
C8081,4
C8082,2
C8083,4
C8084,0
C8085,2
C8086,4
C8087,1
C8088,2
C8089,0
C8090,2
C8091,4
C8092,4
C8093,0
C8094,3
C8095,1
C8096,5
C8097,3
C8098,3
C8099,2
C8100,4
C8101,2
C8102,1
C8103,5
C8104,1
C8105,5
C8106,3
C8107,2
C8108,5
C8109,0
C8110,3
C8111,0
C8112,1
C8113,4
C8114,4
C8115,5
C8116,4
C8117,3
C8118,3
C8119,3
C8120,0
C8121,5
C8122,2
C8123,0
C8124,3
C8125,0
C8126,4
C8127,5
C8128,5
C8129,2
C8130,4
C8131,3
C8132,5
C8133,3
C8134,1
C8135,3
C8136,1
C8137,4
C8138,4
C8139,2
C8140,4
C8141,0
C8142,5
C8143,1
C8144,5
C8145,1
C8146,3
C8147,5
C8148,1
C8149,1
C8150,2
C8151,0
C8152,5
C8153,0
C8154,1
C8155,2
C8156,3
C8157,2
C8158,1
C8159,0
C8160,5
C8161,4
C8162,1
C8163,2
C8164,2
C8165,2
C8166,4
C8167,5
C8168,5
C8169,4
C8170,1
C8171,1
C8172,1
C8173,3
C8174,2
C8175,5
C8176,0
C8177,3
C8178,3
C8179,2
C8180,4
C8181,4
C8182,1
C8183,1
C8184,0
C8185,4
C8186,4
C8187,2
C8188,4
C8189,2
C8190,1
C8191,4
C8192,5
C8193,5
C8194,2
C8195,3
C8196,0
C8197,2
C8198,5
C8199,3
C8200,3
C8201,3
C8202,2
C8203,4
C8204,5
C8205,4
C8206,3
C8207,5
C8208,2
C8209,3
C8210,1
C8211,1
C8212,5
C8213,4
C8214,0
C8215,0
C8216,3
C8217,4
C8218,1
C8219,5
C8220,4
C8221,2
C8222,0
C8223,3
C8224,0
C8225,5
C8226,1
C8227,2
C8228,0
C8229,2
C8230,1
C8231,0
C8232,2
C8233,2
C8234,1
C8235,4
C8236,4
C8237,1
C8238,4
C8239,5
C8240,0
C8241,2
C8242,3
C8243,4
C8244,2
C8245,0
C8246,1
C8247,1
C8248,2
C8249,4
C8250,4
C8251,1
C8252,0
C8253,4
C8254,4
C8255,4
C8256,2
C8257,0
C8258,0
C8259,3
C8260,4
C8261,0
C8262,3
C8263,4
C8264,5
C8265,5
C8266,5
C8267,0
C8268,2
C8269,4
C8270,3
C8271,1
C8272,2
C8273,2
C8274,3
C8275,0
C8276,3
C8277,0
C8278,5
C8279,2
C8280,4
C8281,5
C8282,3
C8283,3
C8284,4
C8285,2
C8286,1
C8287,0
C8288,3
C8289,5
C8290,4
C8291,0
C8292,3
C8293,0
C8294,3
C8295,2
C8296,4
C8297,1
C8298,3
C8299,4
C8300,1
C8301,2
C8302,0
C8303,1
C8304,0
C8305,1
C8306,4
C8307,4
C8308,2
C8309,3
C8310,1
C8311,0
C8312,2
C8313,5
C8314,3
C8315,5
C8316,2
C8317,0
C8318,5
C8319,5
C8320,4
C8321,0
C8322,4
C8323,3
C8324,1
C8325,4
C8326,3
C8327,5
C8328,3
C8329,5
C8330,2
C8331,0
C8332,4
C8333,0
C8334,3
C8335,2
C8336,4
C8337,4
C8338,0
C8339,5
C8340,4
C8341,2
C8342,4
C8343,3
C8344,2
C8345,4
C8346,2
C8347,3
C8348,5
C8349,5
C8350,2
C8351,5
C8352,4
C8353,5
C8354,5
C8355,5
C8356,4
C8357,0
C8358,4
C8359,5
C8360,2
C8361,0
C8362,4
C8363,0
C8364,3
C8365,0
C8366,1
C8367,2
C8368,5
C8369,5
C8370,4
C8371,2
C8372,1
C8373,5
C8374,0
C8375,1
C8376,0
C8377,3
C8378,0
C8379,0
C8380,5
C8381,3
C8382,4
C8383,2
C8384,0
C8385,4
C8386,4
C8387,3
C8388,2
C8389,2
C8390,2
C8391,2
C8392,2
C8393,2
C8394,0
C8395,3
C8396,0
C8397,1
C8398,3
C8399,1
C8400,4
C8401,0
C8402,0
C8403,1
C8404,3
C8405,0
C8406,4
C8407,3
C8408,4
C8409,3
C8410,1
C8411,5
C8412,1
C8413,5
C8414,5
C8415,2
C8416,0
C8417,1
C8418,0
C8419,4
C8420,3
C8421,4
C8422,3
C8423,5
C8424,3
C8425,5
C8426,1
C8427,4
C8428,1
C8429,4
C8430,1
C8431,5
C8432,4
C8433,3
C8434,4
C8435,5
C8436,0
C8437,1
C8438,1
C8439,5
C8440,3
C8441,3
C8442,4
C8443,4
C8444,0
C8445,0
C8446,2
C8447,4
C8448,2
C8449,3
C8450,3
C8451,3
C8452,3
C8453,5
C8454,3
C8455,5
C8456,4
C8457,0
C8458,0
C8459,2
C8460,5
C8461,1
C8462,2
C8463,5
C8464,2
C8465,4
C8466,0
C8467,5
C8468,3
C8469,5
C8470,5
C8471,1
C8472,4
C8473,4
C8474,5
C8475,1
C8476,0
C8477,2
C8478,1
C8479,4
C8480,3
C8481,3
C8482,0
C8483,2
C8484,2
C8485,5
C8486,3
C8487,5
C8488,5
C8489,0
C8490,0
C8491,0
C8492,1
C8493,3
C8494,0
C8495,5
C8496,1
C8497,2
C8498,5
C8499,4
C8500,2
C8501,1
C8502,2
C8503,4
C8504,5
C8505,5
C8506,5
C8507,1
C8508,3
C8509,1
C8510,2
C8511,0
C8512,5
C8513,1
C8514,1
C8515,3
C8516,3
C8517,1
C8518,4
C8519,5
C8520,3
C8521,5
C8522,5
C8523,0
C8524,3
C8525,5
C8526,0
C8527,3
C8528,2
C8529,2
C8530,5
C8531,4
C8532,1
C8533,4
C8534,5
C8535,1
C8536,2
C8537,0
C8538,0
C8539,2
C8540,5
C8541,0
C8542,5
C8543,3
C8544,2
C8545,0
C8546,3
C8547,3
C8548,1
C8549,3
C8550,2
C8551,0
C8552,1
C8553,5
C8554,0
C8555,4
C8556,3
C8557,1
C8558,0
C8559,2
C8560,4
C8561,0
C8562,4
C8563,2
C8564,1
C8565,3
C8566,4
C8567,3
C8568,2
C8569,4
C8570,2
C8571,4
C8572,2
C8573,1
C8574,2
C8575,2
C8576,3
C8577,5
C8578,0
C8579,0
C8580,2
C8581,3
C8582,3
C8583,4
C8584,3
C8585,5
C8586,4
C8587,2
C8588,4
C8589,2
C8590,2
C8591,2
C8592,0
C8593,4
C8594,5
C8595,2
C8596,4
C8597,1
C8598,0
C8599,4
C8600,5
C8601,4
C8602,5
C8603,3
C8604,4
C8605,3
C8606,1
C8607,4
C8608,5
C8609,2
C8610,0
C8611,5
C8612,5
C8613,2
C8614,1
C8615,1
C8616,0
C8617,3
C8618,1
C8619,4
C8620,3
C8621,5
C8622,1
C8623,0
C8624,4
C8625,1
C8626,5
C8627,5
C8628,3
C8629,0
C8630,3
C8631,3
C8632,0
C8633,4
C8634,5
C8635,5
C8636,2
C8637,0
C8638,3
C8639,4
C8640,4
C8641,5
C8642,5
C8643,2
C8644,5
C8645,0
C8646,2
C8647,5
C8648,5
C8649,5
C8650,3
C8651,0
C8652,0
C8653,3
C8654,4
C8655,5
C8656,1
C8657,5
C8658,5
C8659,2
C8660,4
C8661,1
C8662,4
C8663,2
C8664,1
C8665,5
C8666,2
C8667,2
C8668,0
C8669,5
C8670,5
C8671,2
C8672,3
C8673,2
C8674,1
C8675,0
C8676,1
C8677,3
C8678,1
C8679,0
C8680,0
C8681,5
C8682,5
C8683,4
C8684,1
C8685,0
C8686,5
C8687,3
C8688,4
C8689,0
C8690,4
C8691,5
C8692,4
C8693,1
C8694,5
C8695,0
C8696,5
C8697,3
C8698,1
C8699,1
C8700,4
C8701,3
C8702,0
C8703,4
C8704,1
C8705,5
C8706,1
C8707,2
C8708,2
C8709,5
C8710,5
C8711,2
C8712,5
C8713,1
C8714,2
C8715,3
C8716,3
C8717,1
C8718,3
C8719,0
C8720,3
C8721,1
C8722,0
C8723,3
C8724,1
C8725,5
C8726,1
C8727,0
C8728,0
C8729,5
C8730,5
C8731,2
C8732,4
C8733,4
C8734,5
C8735,0
C8736,3
C8737,3
C8738,3
C8739,4
C8740,4
C8741,5
C8742,0
C8743,5
C8744,4
C8745,0
C8746,2
C8747,2
C8748,4
C8749,0
C8750,0
C8751,1
C8752,0
C8753,4
C8754,1
C8755,4
C8756,4
C8757,2
C8758,3
C8759,5
C8760,4
C8761,1
C8762,3
C8763,3
C8764,0
C8765,0
C8766,5
C8767,1
C8768,0
C8769,0
C8770,0
C8771,1
C8772,2
C8773,4
C8774,0
C8775,4
C8776,0
C8777,0
C8778,1
C8779,5
C8780,2
C8781,0
C8782,4
C8783,4
C8784,2
C8785,2
C8786,2
C8787,4
C8788,3
C8789,1
C8790,2
C8791,1
C8792,5
C8793,5
C8794,5
C8795,0
C8796,3
C8797,1
C8798,1
C8799,3
C8800,2
C8801,2
C8802,3
C8803,3
C8804,4
C8805,2
C8806,5
C8807,0
C8808,5
C8809,4
C8810,1
C8811,3
C8812,1
C8813,4
C8814,0
C8815,0
C8816,1
C8817,5
C8818,1
C8819,2
C8820,0
C8821,3
C8822,2
C8823,3
C8824,5
C8825,2
C8826,0
C8827,3
C8828,1
C8829,5
C8830,2
C8831,4
C8832,0
C8833,4
C8834,5
C8835,5
C8836,2
C8837,4
C8838,0
C8839,3
C8840,4
C8841,2
C8842,5
C8843,1
C8844,0
C8845,4
C8846,4
C8847,4
C8848,4
C8849,3
C8850,2
C8851,5
C8852,5
C8853,2
C8854,4
C8855,4
C8856,0
C8857,5
C8858,5
C8859,0
C8860,0
C8861,3
C8862,2
C8863,0
C8864,3
C8865,5
C8866,2
C8867,1
C8868,1
C8869,3
C8870,0
C8871,4
C8872,3
C8873,0
C8874,3
C8875,1
C8876,3
C8877,4
C8878,0
C8879,2
C8880,4
C8881,2
C8882,0
C8883,4
C8884,1
C8885,5
C8886,3
C8887,4
C8888,5
C8889,1
C8890,3
C8891,0
C8892,1
C8893,4
C8894,4
C8895,0
C8896,4
C8897,0
C8898,3
C8899,1
C8900,1
C8901,0
C8902,0
C8903,5
C8904,1
C8905,0
C8906,0
C8907,2
C8908,4
C8909,1
C8910,4
C8911,4
C8912,2
C8913,3
C8914,1
C8915,5
C8916,4
C8917,0
C8918,5
C8919,4
C8920,2
C8921,3
C8922,4
C8923,4
C8924,1
C8925,0
C8926,2
C8927,4
C8928,3
C8929,0
C8930,2
C8931,4
C8932,5
C8933,3
C8934,4
C8935,2
C8936,0
C8937,5
C8938,5
C8939,0
C8940,2
C8941,1
C8942,0
C8943,1
C8944,0
C8945,4
C8946,2
C8947,5
C8948,4
C8949,4
C8950,3
C8951,4
C8952,3
C8953,5
C8954,2
C8955,5
C8956,4
C8957,4
C8958,2
C8959,1
C8960,3
C8961,2
C8962,2
C8963,2
C8964,3
C8965,4
C8966,4
C8967,1
C8968,1
C8969,0
C8970,5
C8971,3
C8972,2
C8973,0
C8974,2
C8975,4
C8976,0
C8977,0
C8978,4
C8979,2
C8980,5
C8981,5
C8982,3
C8983,5
C8984,0
C8985,0
C8986,2
C8987,2
C8988,2
C8989,4
C8990,2
C8991,0
C8992,5
C8993,1
C8994,1
C8995,2
C8996,4
C8997,3
C8998,2
C8999,3
C9000,5
C9001,5
C9002,3
C9003,5
C9004,4
C9005,2
C9006,1
C9007,4
C9008,3
C9009,1
C9010,0
C9011,2
C9012,4
C9013,3
C9014,3
C9015,1
C9016,3
C9017,0
C9018,4
C9019,5
C9020,1
C9021,5
C9022,1
C9023,1
C9024,4
C9025,3
C9026,4
C9027,1
C9028,0
C9029,4
C9030,2
C9031,0
C9032,2
C9033,1
C9034,5
C9035,3
C9036,0
C9037,5
C9038,5
C9039,0
C9040,4
C9041,0
C9042,4
C9043,1
C9044,5
C9045,5
C9046,3
C9047,5
C9048,2
C9049,1
C9050,1
C9051,3
C9052,4
C9053,4
C9054,4
C9055,3
C9056,2
C9057,5
C9058,0
C9059,0
C9060,3
C9061,2
C9062,1
C9063,4
C9064,5
C9065,5
C9066,0
C9067,4
C9068,1
C9069,1
C9070,1
C9071,3
C9072,0
C9073,1
C9074,5
C9075,2
C9076,4
C9077,4
C9078,2
C9079,3
C9080,5
C9081,3
C9082,1
C9083,2
C9084,0
C9085,0
C9086,2
C9087,0
C9088,4
C9089,3
C9090,1
C9091,0
C9092,0
C9093,5
C9094,4
C9095,4
C9096,3
C9097,1
C9098,2
C9099,4
C9100,5
C9101,3
C9102,2
C9103,0
C9104,3
C9105,2
C9106,5
C9107,1
C9108,3
C9109,0
C9110,1
C9111,4
C9112,2
C9113,0
C9114,4
C9115,3
C9116,0
C9117,3
C9118,1
C9119,4
C9120,5
C9121,3
C9122,1
C9123,3
C9124,4
C9125,3
C9126,4
C9127,2
C9128,0
C9129,0
C9130,2
C9131,0
C9132,1
C9133,5
C9134,2
C9135,5
C9136,0
C9137,0
C9138,1
C9139,3
C9140,1
C9141,0
C9142,5
C9143,4
C9144,5
C9145,4
C9146,2
C9147,2
C9148,5
C9149,1
C9150,1
C9151,3
C9152,3
C9153,1
C9154,0
C9155,5
C9156,4
C9157,3
C9158,1
C9159,4
C9160,4
C9161,4
C9162,3
C9163,4
C9164,4
C9165,2
C9166,1
C9167,5
C9168,2
C9169,1
C9170,5
C9171,3
C9172,1
C9173,1
C9174,0
C9175,2
C9176,5
C9177,2
C9178,1
C9179,4
C9180,1
C9181,3
C9182,4
C9183,2
C9184,4
C9185,1
C9186,2
C9187,0
C9188,4
C9189,3
C9190,4
C9191,2
C9192,5
C9193,1
C9194,5
C9195,2
C9196,5
C9197,2
C9198,2
C9199,3
C9200,2
C9201,4
C9202,2
C9203,2
C9204,3
C9205,4
C9206,0
C9207,5
C9208,0
C9209,0
C9210,4
C9211,0
C9212,1
C9213,2
C9214,0
C9215,2
C9216,2
C9217,0
C9218,1
C9219,2
C9220,2
C9221,4
C9222,4
C9223,4
C9224,4
C9225,1
C9226,4
C9227,5
C9228,1
C9229,4
C9230,4
C9231,4
C9232,1
C9233,1
C9234,5
C9235,4
C9236,5
C9237,5
C9238,0
C9239,1
C9240,3
C9241,3
C9242,4
C9243,3
C9244,0
C9245,2
C9246,4
C9247,3
C9248,5
C9249,0
C9250,3
C9251,5
C9252,4
C9253,0
C9254,1
C9255,0
C9256,5
C9257,4
C9258,0
C9259,5
C9260,3
C9261,0
C9262,0
C9263,4
C9264,2
C9265,3
C9266,2
C9267,4
C9268,0
C9269,4
C9270,5
C9271,5
C9272,1
C9273,1
C9274,5
C9275,2
C9276,2
C9277,5
C9278,0
C9279,0
C9280,1
C9281,2
C9282,0
C9283,2
C9284,2
C9285,2
C9286,2
C9287,3
C9288,2
C9289,3
C9290,0
C9291,5
C9292,2
C9293,5
C9294,3
C9295,4
C9296,1
C9297,0
C9298,5
C9299,5
C9300,5
C9301,4
C9302,4
C9303,2
C9304,0
C9305,4
C9306,0
C9307,0
C9308,2
C9309,2
C9310,4
C9311,3
C9312,1
C9313,0
C9314,5
C9315,4
C9316,5
C9317,2
C9318,4
C9319,4
C9320,3
C9321,4
C9322,2
C9323,3
C9324,2
C9325,4
C9326,1
C9327,4
C9328,0
C9329,2
C9330,4
C9331,5
C9332,0
C9333,0
C9334,5
C9335,0
C9336,5
C9337,5
C9338,4
C9339,4
C9340,1
C9341,0
C9342,2
C9343,4
C9344,0
C9345,0
C9346,1
C9347,0
C9348,5
C9349,5
C9350,1
C9351,1
C9352,1
C9353,3
C9354,0
C9355,1
C9356,3
C9357,3
C9358,0
C9359,1
C9360,1
C9361,5
C9362,5
C9363,0
C9364,4
C9365,0
C9366,5
C9367,4
C9368,4
C9369,3
C9370,5
C9371,0
C9372,3
C9373,1
C9374,2
C9375,2
C9376,1
C9377,5
C9378,5
C9379,3
C9380,1
C9381,3
C9382,2
C9383,4
C9384,2
C9385,3
C9386,2
C9387,4
C9388,4
C9389,3
C9390,5
C9391,0
C9392,3
C9393,3
C9394,0
C9395,1
C9396,4
C9397,2
C9398,0
C9399,1
C9400,1
C9401,4
C9402,1
C9403,0
C9404,0
C9405,5
C9406,5
C9407,5
C9408,0
C9409,0
C9410,2
C9411,1
C9412,5
C9413,2
C9414,5
C9415,2
C9416,2
C9417,4
C9418,1
C9419,0
C9420,4
C9421,1
C9422,5
C9423,4
C9424,2
C9425,5
C9426,5
C9427,1
C9428,4
C9429,0
C9430,2
C9431,5
C9432,4
C9433,3
C9434,1
C9435,1
C9436,3
C9437,0
C9438,5
C9439,4
C9440,5
C9441,3
C9442,5
C9443,1
C9444,0
C9445,2
C9446,1
C9447,0
C9448,3
C9449,5
C9450,1
C9451,5
C9452,3
C9453,0
C9454,0
C9455,2
C9456,1
C9457,1
C9458,4
C9459,3
C9460,4
C9461,2
C9462,3
C9463,3
C9464,0
C9465,2
C9466,0
C9467,3
C9468,4
C9469,5
C9470,0
C9471,1
C9472,4
C9473,4
C9474,4
C9475,4
C9476,5
C9477,4
C9478,0
C9479,3
C9480,5
C9481,5
C9482,0
C9483,3
C9484,2
C9485,1
C9486,0
C9487,1
C9488,0
C9489,0
C9490,3
C9491,2
C9492,3
C9493,2
C9494,2
C9495,1
C9496,4
C9497,1
C9498,1
C9499,1
C9500,4
C9501,4
C9502,2
C9503,0
C9504,3
C9505,4
C9506,1
C9507,3
C9508,5
C9509,2
C9510,3
C9511,4
C9512,0
C9513,2
C9514,4
C9515,1
C9516,1
C9517,5
C9518,2
C9519,2
C9520,3
C9521,2
C9522,1
C9523,2
C9524,3
C9525,0
C9526,4
C9527,2
C9528,5
C9529,2
C9530,5
C9531,1
C9532,4
C9533,0
C9534,1
C9535,4
C9536,5
C9537,5
C9538,4
C9539,0
C9540,2
C9541,2
C9542,4
C9543,4
C9544,3
C9545,4
C9546,4
C9547,1
C9548,5
C9549,2
C9550,1
C9551,5
C9552,2
C9553,2
C9554,5
C9555,1
C9556,5
C9557,3
C9558,5
C9559,1
C9560,3
C9561,2
C9562,2
C9563,1
C9564,0
C9565,5
C9566,3
C9567,1
C9568,5
C9569,1
C9570,3
C9571,3
C9572,5
C9573,5
C9574,0
C9575,1
C9576,2
C9577,2
C9578,2
C9579,1
C9580,5
C9581,3
C9582,5
C9583,3
C9584,5
C9585,1
C9586,2
C9587,0
C9588,4
C9589,4
C9590,2
C9591,4
C9592,2
C9593,0
C9594,1
C9595,1
C9596,3
C9597,4
C9598,1
C9599,1
C9600,5
C9601,2
C9602,2
C9603,4
C9604,1
C9605,5
C9606,0
C9607,5
C9608,3
C9609,4
C9610,1
C9611,0
C9612,2
C9613,4
C9614,5
C9615,2
C9616,1
C9617,4
C9618,2
C9619,4
C9620,0
C9621,1
C9622,0
C9623,5
C9624,2
C9625,1
C9626,4
C9627,2
C9628,0
C9629,0
C9630,3
C9631,5
C9632,0
C9633,4
C9634,1
C9635,1
C9636,5
C9637,4
C9638,4
C9639,1
C9640,1
C9641,1
C9642,4
C9643,1
C9644,0
C9645,3
C9646,3
C9647,1
C9648,2
C9649,4
C9650,0
C9651,2
C9652,1
C9653,1
C9654,0
C9655,2
C9656,1
C9657,0
C9658,5
C9659,2
C9660,3
C9661,4
C9662,1
C9663,0
C9664,0
C9665,1
C9666,2
C9667,5
C9668,1
C9669,3
C9670,1
C9671,4
C9672,2
C9673,4
C9674,1
C9675,3
C9676,4
C9677,2
C9678,5
C9679,0
C9680,4
C9681,5
C9682,0
C9683,0
C9684,1
C9685,3
C9686,1
C9687,5
C9688,1
C9689,4
C9690,5
C9691,0
C9692,4
C9693,4
C9694,1
C9695,5
C9696,1
C9697,5
C9698,3
C9699,2
C9700,2
C9701,1
C9702,4
C9703,1
C9704,0
C9705,1
C9706,2
C9707,0
C9708,4
C9709,2
C9710,2
C9711,4
C9712,2
C9713,4
C9714,3
C9715,1
C9716,5
C9717,2
C9718,1
C9719,5
C9720,4
C9721,1
C9722,4
C9723,1
C9724,5
C9725,5
C9726,2
C9727,5
C9728,2
C9729,0
C9730,1
C9731,0
C9732,2
C9733,1
C9734,0
C9735,1
C9736,4
C9737,3
C9738,3
C9739,1
C9740,5
C9741,2
C9742,3
C9743,1
C9744,1
C9745,4
C9746,4
C9747,2
C9748,4
C9749,3
C9750,4
C9751,2
C9752,1
C9753,2
C9754,1
C9755,3
C9756,2
C9757,3
C9758,1
C9759,4
C9760,5
C9761,2
C9762,1
C9763,1
C9764,2
C9765,4
C9766,1
C9767,5
C9768,4
C9769,1
C9770,3
C9771,0
C9772,5
C9773,0
C9774,1
C9775,1
C9776,3
C9777,1
C9778,3
C9779,0
C9780,4
C9781,3
C9782,1
C9783,2
C9784,0
C9785,2
C9786,2
C9787,3
C9788,3
C9789,4
C9790,1
C9791,0
C9792,5
C9793,3
C9794,4
C9795,2
C9796,5
C9797,5
C9798,4
C9799,0
C9800,1
C9801,5
C9802,3
C9803,0
C9804,5
C9805,0
C9806,3
C9807,3
C9808,0
C9809,3
C9810,2
C9811,0
C9812,0
C9813,5
C9814,4
C9815,2
C9816,5
C9817,3
C9818,2
C9819,4
C9820,4
C9821,5
C9822,4
C9823,2
C9824,2
C9825,4
C9826,1
C9827,5
C9828,2
C9829,2
C9830,4
C9831,5
C9832,4
C9833,1
C9834,5
C9835,3
C9836,5
C9837,3
C9838,0
C9839,5
C9840,0
C9841,1
C9842,5
C9843,1
C9844,5
C9845,1
C9846,3
C9847,1
C9848,4
C9849,2
C9850,2
C9851,0
C9852,5
C9853,2
C9854,4
C9855,5
C9856,4
C9857,3
C9858,3
C9859,5
C9860,3
C9861,5
C9862,1
C9863,3
C9864,3
C9865,3
C9866,4
C9867,4
C9868,2
C9869,5
C9870,0
C9871,1
C9872,1
C9873,3
C9874,4
C9875,3
C9876,4
C9877,0
C9878,0
C9879,4
C9880,4
C9881,1
C9882,3
C9883,4
C9884,4
C9885,1
C9886,0
C9887,1
C9888,3
C9889,3
C9890,2
C9891,1
C9892,2
C9893,5
C9894,3
C9895,2
C9896,4
C9897,5
C9898,4
C9899,2
C9900,5
C9901,0
C9902,4
C9903,4
C9904,1
C9905,2
C9906,0
C9907,4
C9908,3
C9909,1
C9910,3
C9911,2
C9912,2
C9913,5
C9914,0
C9915,1
C9916,0
C9917,5
C9918,1
C9919,5
C9920,4
C9921,5
C9922,1
C9923,0
C9924,2
C9925,0
C9926,4
C9927,0
C9928,0
C9929,5
C9930,3
C9931,3
C9932,1
C9933,0
C9934,4
C9935,5
C9936,1
C9937,0
C9938,4
C9939,5
C9940,1
C9941,0
C9942,5
C9943,1
C9944,0
C9945,2
C9946,3
C9947,0
C9948,0
C9949,1
C9950,0
C9951,3
C9952,3
C9953,2
C9954,5
C9955,1
C9956,2
C9957,1
C9958,5
C9959,4
C9960,2
C9961,4
C9962,1
C9963,3
C9964,4
C9965,3
C9966,3
C9967,3
C9968,4
C9969,2
C9970,5
C9971,4
C9972,3
C9973,2
C9974,0
C9975,3
C9976,0
C9977,0
C9978,5
C9979,4
C9980,4
C9981,5
C9982,0
C9983,5
C9984,1
C9985,0
C9986,3
C9987,0
C9988,3
C9989,3
C9990,1
C9991,2
C9992,0
C9993,2
C9994,0
C9995,5
C9996,2
C9997,5
C9998,5
C9999,3
C10000,3
C10001,3
C10002,3
C10003,1
C10004,5
C10005,4
C10006,3
C10007,4
C10008,5
C10009,3
C10010,3
C10011,0
C10012,2
C10013,2
C10014,0
C10015,0
C10016,5
C10017,2
C10018,3
C10019,3
C10020,0
C10021,5
C10022,5
C10023,3
C10024,2
C10025,4
C10026,0
C10027,4
C10028,4
C10029,2
C10030,4
C10031,2
C10032,1
C10033,0
C10034,3
C10035,1
C10036,3
C10037,3
C10038,2
C10039,2
C10040,3
C10041,3
C10042,4
C10043,4
C10044,4
C10045,2
C10046,3
C10047,5
C10048,5
C10049,0
C10050,2
C10051,4
C10052,2
C10053,5
C10054,3
C10055,1
C10056,2
C10057,2
C10058,2
C10059,3
C10060,4
C10061,2
C10062,4
C10063,2
C10064,5
C10065,5
C10066,2
C10067,2
C10068,1
C10069,0
C10070,5
C10071,3
C10072,3
C10073,2
C10074,1
C10075,5
C10076,2
C10077,0
C10078,1
C10079,3
C10080,1
C10081,1
C10082,2
C10083,0
C10084,4
C10085,4
C10086,4
C10087,0
C10088,1
C10089,3
C10090,4
C10091,3
C10092,2
C10093,2
C10094,0
C10095,3
C10096,5
C10097,5
C10098,5
C10099,4
C10100,5
C10101,4
C10102,4
C10103,0
C10104,3
C10105,1
C10106,3
C10107,0
C10108,1
C10109,0
C10110,5
C10111,2
C10112,3
C10113,5
C10114,4
C10115,3
C10116,1
C10117,0
C10118,2
C10119,4
C10120,0
C10121,2
C10122,3
C10123,3
C10124,2
C10125,3
C10126,0
C10127,3
C10128,3
C10129,5
C10130,0
C10131,5
C10132,1
C10133,3
C10134,4
C10135,3
C10136,3
C10137,1
C10138,5
C10139,4
C10140,5
C10141,4
C10142,1
C10143,5
C10144,4
C10145,3
C10146,2
C10147,1
C10148,0
C10149,3
C10150,3
C10151,0
C10152,1
C10153,3
C10154,0
C10155,4
C10156,1
C10157,0
C10158,3
C10159,0
C10160,5
C10161,5
C10162,5
C10163,5
C10164,2
C10165,5
C10166,3
C10167,5
C10168,5
C10169,4
C10170,5
C10171,2
C10172,5
C10173,3
C10174,5
C10175,0
C10176,4
C10177,1
C10178,5
C10179,1
C10180,0
C10181,1
C10182,1
C10183,1
C10184,0
C10185,2
C10186,2
C10187,0
C10188,3
C10189,1
C10190,2
C10191,1
C10192,4
C10193,2
C10194,1
C10195,2
C10196,3
C10197,1
C10198,1
C10199,5
C10200,4
C10201,0
C10202,4
C10203,1
C10204,1
C10205,0
C10206,2
C10207,4
C10208,1
C10209,2
C10210,2
C10211,3
C10212,2
C10213,0
C10214,2
C10215,3
C10216,5
C10217,0
C10218,3
C10219,1
C10220,1
C10221,4
C10222,1
C10223,1
C10224,0
C10225,1
C10226,2
C10227,5
C10228,1
C10229,3
C10230,1
C10231,2
C10232,2
C10233,2
C10234,2
C10235,2
C10236,5
C10237,3
C10238,3
C10239,5
C10240,3
C10241,1
C10242,1
C10243,2
C10244,1
C10245,5
C10246,5
C10247,2
C10248,1
C10249,3
C10250,4
C10251,2
C10252,1
C10253,4
C10254,5
C10255,4
C10256,3
C10257,0
C10258,3
C10259,1
C10260,2
C10261,5
C10262,3
C10263,4
C10264,0
C10265,2
C10266,4
C10267,4
C10268,5
C10269,0
C10270,4
C10271,1
C10272,3
C10273,5
C10274,0
C10275,1
C10276,4
C10277,1
C10278,1
C10279,2
C10280,0
C10281,2
C10282,4
C10283,3
C10284,2
C10285,5
C10286,4
C10287,5
C10288,3
C10289,4
C10290,4
C10291,1
C10292,3
C10293,1
C10294,0
C10295,2
C10296,2
C10297,1
C10298,5
C10299,0
C10300,3
C10301,3
C10302,3
C10303,0
C10304,4
C10305,5
C10306,4
C10307,0
C10308,0
C10309,4
C10310,2
C10311,3
C10312,5
C10313,4
C10314,0
C10315,3
C10316,5
C10317,3
C10318,3
C10319,4
C10320,4
C10321,0
C10322,5
C10323,5
C10324,3
C10325,4
C10326,4
C10327,0
C10328,2
C10329,5
C10330,3
C10331,2
C10332,5
C10333,4
C10334,2
C10335,4
C10336,0
C10337,4
C10338,2
C10339,0
C10340,0
C10341,1
C10342,0
C10343,3
C10344,0
C10345,5
C10346,4
C10347,5
C10348,0
C10349,0
C10350,0
C10351,4
C10352,1
C10353,5
C10354,5
C10355,0
C10356,5
C10357,4
C10358,4
C10359,3
C10360,5
C10361,1
C10362,5
C10363,5
C10364,4
C10365,1
C10366,5
C10367,2
C10368,3
C10369,4
C10370,4
C10371,0
C10372,0
C10373,0
C10374,3
C10375,1
C10376,4
C10377,4
C10378,1
C10379,4
C10380,0
C10381,4
C10382,3
C10383,2
C10384,3
C10385,0
C10386,5
C10387,2
C10388,5
C10389,4
C10390,1
C10391,4
C10392,3
C10393,1
C10394,5
C10395,0
C10396,2
C10397,4
C10398,1
C10399,5
C10400,3
C10401,4
C10402,2
C10403,0
C10404,0
C10405,4
C10406,2
C10407,5
C10408,5
C10409,0
C10410,1
C10411,0
C10412,2
C10413,5
C10414,4
C10415,4
C10416,4
C10417,5
C10418,5
C10419,4
C10420,3
C10421,5
C10422,2
C10423,2
C10424,1
C10425,5
C10426,3
C10427,0
C10428,2
C10429,5
C10430,3
C10431,5
C10432,3
C10433,1
C10434,1
C10435,4
C10436,1
C10437,0
C10438,5
C10439,4
C10440,0
C10441,4
C10442,2
C10443,2
C10444,2
C10445,2
C10446,1
C10447,2
C10448,2
C10449,1
C10450,1
C10451,5
C10452,0
C10453,4
C10454,5
C10455,0
C10456,5
C10457,5
C10458,3
C10459,4
C10460,2
C10461,0
C10462,4
C10463,4
C10464,1
C10465,5
C10466,5
C10467,0
C10468,5
C10469,1
C10470,1
C10471,4
C10472,0
C10473,0
C10474,2
C10475,2
C10476,4
C10477,5
C10478,0
C10479,0
C10480,1
C10481,5
C10482,1
C10483,0
C10484,1
C10485,3
C10486,2
C10487,1
C10488,3
C10489,4
C10490,2
C10491,4
C10492,5
C10493,3
C10494,5
C10495,3
C10496,4
C10497,1
C10498,4
C10499,5
C10500,0
C10501,3
C10502,3
C10503,3
C10504,3
C10505,2
C10506,0
C10507,4
C10508,5
C10509,5
C10510,0
C10511,3
C10512,1
C10513,3
C10514,2
C10515,3
C10516,4
C10517,5
C10518,3
C10519,2
C10520,2
C10521,2
C10522,5
C10523,1
C10524,3
C10525,3
C10526,5
C10527,4
C10528,2
C10529,5
C10530,1
C10531,4
C10532,1
C10533,0
C10534,5
C10535,3
C10536,5
C10537,2
C10538,3
C10539,5
C10540,3
C10541,4
C10542,0
C10543,3
C10544,4
C10545,1
C10546,0
C10547,2
C10548,1
C10549,2
C10550,4
C10551,3
C10552,3
C10553,0
C10554,5
C10555,4
C10556,0
C10557,3
C10558,1
C10559,2
C10560,5
C10561,0
C10562,2
C10563,3
C10564,4
C10565,2
C10566,1
C10567,2
C10568,3
C10569,4
C10570,3
C10571,2
C10572,4
C10573,1
C10574,2
C10575,2
C10576,2
C10577,2
C10578,5
C10579,3
C10580,2
C10581,5
C10582,4
C10583,2
C10584,3
C10585,2
C10586,1
C10587,3
C10588,4
C10589,3
C10590,4
C10591,4
C10592,0
C10593,1
C10594,3
C10595,0
C10596,0
C10597,5
C10598,2
C10599,5
C10600,4
C10601,5
C10602,1
C10603,5
C10604,2
C10605,3
C10606,5
C10607,2
C10608,2
C10609,4
C10610,0
C10611,2
C10612,3
C10613,3
C10614,5
C10615,4
C10616,3
C10617,1
C10618,2
C10619,2
C10620,4
C10621,0
C10622,5
C10623,2
C10624,0
C10625,3
C10626,0
C10627,5
C10628,5
C10629,5
C10630,0
C10631,0
C10632,1
C10633,5
C10634,0
C10635,5
C10636,0
C10637,3
C10638,1
C10639,5
C10640,0
C10641,5
C10642,2
C10643,3
C10644,2
C10645,4
C10646,5
C10647,1
C10648,5
C10649,5
C10650,1
C10651,5
C10652,0
C10653,1
C10654,5
C10655,0
C10656,0
C10657,4
C10658,2
C10659,3
C10660,1
C10661,5
C10662,3
C10663,2
C10664,1
C10665,4
C10666,5
C10667,1
C10668,0
C10669,5
C10670,2
C10671,1
C10672,0
C10673,3
C10674,3
C10675,4
C10676,3
C10677,5
C10678,5
C10679,0
C10680,1
C10681,5
C10682,0
C10683,4
C10684,5
C10685,2
C10686,1
C10687,1
C10688,2
C10689,4
C10690,4
C10691,2
C10692,2
C10693,3
C10694,1
C10695,5
C10696,3
C10697,2
C10698,2
C10699,5
C10700,5
C10701,4
C10702,4
C10703,3
C10704,1
C10705,0
C10706,1
C10707,3
C10708,5
C10709,2
C10710,0
C10711,3
C10712,5
C10713,4
C10714,0
C10715,4
C10716,1
C10717,5
C10718,1
C10719,4
C10720,0
C10721,2
C10722,5
C10723,1
C10724,4
C10725,3
C10726,1
C10727,4
C10728,2
C10729,5
C10730,5
C10731,0
C10732,3
C10733,0
C10734,2
C10735,2
C10736,2
C10737,2
C10738,1
C10739,5
C10740,3
C10741,4
C10742,0
C10743,4
C10744,1
C10745,0
C10746,3
C10747,5
C10748,2
C10749,2
C10750,1
C10751,0
C10752,2
C10753,2
C10754,1
C10755,0
C10756,4
C10757,5
C10758,3
C10759,1
C10760,1
C10761,0
C10762,4
C10763,1
C10764,1
C10765,0
C10766,0
C10767,3
C10768,3
C10769,0
C10770,4
C10771,5
C10772,2
C10773,2
C10774,1
C10775,5
C10776,4
C10777,3
C10778,5
C10779,0
C10780,0
C10781,5
C10782,0
C10783,5
C10784,3
C10785,1
C10786,3
C10787,0
C10788,3
C10789,2
C10790,1
C10791,4
C10792,3
C10793,4
C10794,4
C10795,1
C10796,2
C10797,4
C10798,3
C10799,0
C10800,4
C10801,2
C10802,0
C10803,2
C10804,4
C10805,4
C10806,1
C10807,0
C10808,1
C10809,2
C10810,0
C10811,2
C10812,3
C10813,2
C10814,0
C10815,4
C10816,0
C10817,0
C10818,3
C10819,2
C10820,4
C10821,3
C10822,5
C10823,4
C10824,3
C10825,4
C10826,4
C10827,1
C10828,0
C10829,2
C10830,4
C10831,0
C10832,1
C10833,0
C10834,2
C10835,1
C10836,1
C10837,5
C10838,1
C10839,2
C10840,0
C10841,0
C10842,5
C10843,3
C10844,3
C10845,2
C10846,2
C10847,5
C10848,1
C10849,5
C10850,4
C10851,5
C10852,1
C10853,0
C10854,4
C10855,0
C10856,4
C10857,2
C10858,3
C10859,5
C10860,5
C10861,5
C10862,0
C10863,0
C10864,0
C10865,4
C10866,1
C10867,1
C10868,2
C10869,1
C10870,2
C10871,5
C10872,3
C10873,0
C10874,4
C10875,0
C10876,1
C10877,0
C10878,5
C10879,0
C10880,1
C10881,4
C10882,4
C10883,2
C10884,5
C10885,5
C10886,4
C10887,4
C10888,5
C10889,5
C10890,2
C10891,4
C10892,5
C10893,2
C10894,5
C10895,0
C10896,5
C10897,2
C10898,0
C10899,4
C10900,3
C10901,0
C10902,4
C10903,3
C10904,0
C10905,3
C10906,1
C10907,1
C10908,0
C10909,1
C10910,2
C10911,1
C10912,4
C10913,1
C10914,1
C10915,5
C10916,0
C10917,4
C10918,2
C10919,5
C10920,1
C10921,2
C10922,1
C10923,1
C10924,4
C10925,4
C10926,0
C10927,4
C10928,5
C10929,2
C10930,3
C10931,5
C10932,0
C10933,2
C10934,0
C10935,5
C10936,4
C10937,5
C10938,1
C10939,0
C10940,3
C10941,0
C10942,2
C10943,2
C10944,1
C10945,1
C10946,0
C10947,4
C10948,5
C10949,2
C10950,3
C10951,3
C10952,3
C10953,5
C10954,5
C10955,2
C10956,4
C10957,0
C10958,2
C10959,0
C10960,3
C10961,3
C10962,3
C10963,4
C10964,2
C10965,4
C10966,2
C10967,4
C10968,0
C10969,2
C10970,5
C10971,1
C10972,4
C10973,1
C10974,0
C10975,4
C10976,2
C10977,1
C10978,3
C10979,0
C10980,0
C10981,0
C10982,5
C10983,0
C10984,1
C10985,3
C10986,2
C10987,5
C10988,1
C10989,3
C10990,3
C10991,3
C10992,2
C10993,3
C10994,5
C10995,0
C10996,1
C10997,5
C10998,0
C10999,3
